time_sk,submission_date,year,month,quarter,season,is_cold_month
0,2008-08-28,2008,8,3,Warm,0
1,2008-08-29,2008,8,3,Warm,0
2,2008-08-30,2008,8,3,Warm,0
3,2008-08-31,2008,8,3,Warm,0
4,2008-09-01,2008,9,3,Warm,0
5,2008-09-02,2008,9,3,Warm,0
6,2008-09-03,2008,9,3,Warm,0
7,2008-09-04,2008,9,3,Warm,0
8,2008-09-05,2008,9,3,Warm,0
9,2008-09-06,2008,9,3,Warm,0
10,2008-09-07,2008,9,3,Warm,0
11,2008-09-08,2008,9,3,Warm,0
12,2008-09-09,2008,9,3,Warm,0
13,2008-09-10,2008,9,3,Warm,0
14,2008-09-11,2008,9,3,Warm,0
15,2008-09-12,2008,9,3,Warm,0
16,2008-09-13,2008,9,3,Warm,0
17,2008-09-14,2008,9,3,Warm,0
18,2008-09-15,2008,9,3,Warm,0
19,2008-09-16,2008,9,3,Warm,0
20,2008-09-17,2008,9,3,Warm,0
21,2008-09-18,2008,9,3,Warm,0
22,2008-09-19,2008,9,3,Warm,0
23,2008-09-20,2008,9,3,Warm,0
24,2008-09-21,2008,9,3,Warm,0
25,2008-09-22,2008,9,3,Warm,0
26,2008-09-23,2008,9,3,Warm,0
27,2008-09-24,2008,9,3,Warm,0
28,2008-09-25,2008,9,3,Warm,0
29,2008-09-26,2008,9,3,Warm,0
30,2008-09-27,2008,9,3,Warm,0
31,2008-09-28,2008,9,3,Warm,0
32,2008-09-29,2008,9,3,Warm,0
33,2008-09-30,2008,9,3,Warm,0
34,2008-10-01,2008,10,4,Warm,0
35,2008-10-02,2008,10,4,Warm,0
36,2008-10-03,2008,10,4,Warm,0
37,2008-10-04,2008,10,4,Warm,0
38,2008-10-05,2008,10,4,Warm,0
39,2008-10-06,2008,10,4,Warm,0
40,2008-10-07,2008,10,4,Warm,0
41,2008-10-08,2008,10,4,Warm,0
42,2008-10-09,2008,10,4,Warm,0
43,2008-10-10,2008,10,4,Warm,0
44,2008-10-11,2008,10,4,Warm,0
45,2008-10-12,2008,10,4,Warm,0
46,2008-10-13,2008,10,4,Warm,0
47,2008-10-14,2008,10,4,Warm,0
48,2008-10-15,2008,10,4,Warm,0
49,2008-10-16,2008,10,4,Warm,0
50,2008-10-17,2008,10,4,Warm,0
51,2008-10-18,2008,10,4,Warm,0
52,2008-10-19,2008,10,4,Warm,0
53,2008-10-20,2008,10,4,Warm,0
54,2008-10-21,2008,10,4,Warm,0
55,2008-10-22,2008,10,4,Warm,0
56,2008-10-23,2008,10,4,Warm,0
57,2008-10-24,2008,10,4,Warm,0
58,2008-10-25,2008,10,4,Warm,0
59,2008-10-26,2008,10,4,Warm,0
60,2008-10-27,2008,10,4,Warm,0
61,2008-10-28,2008,10,4,Warm,0
62,2008-10-29,2008,10,4,Warm,0
63,2008-10-30,2008,10,4,Warm,0
64,2008-10-31,2008,10,4,Warm,0
65,2008-11-01,2008,11,4,Warm,0
66,2008-11-02,2008,11,4,Warm,0
67,2008-11-03,2008,11,4,Warm,0
68,2008-11-04,2008,11,4,Warm,0
69,2008-11-05,2008,11,4,Warm,0
70,2008-11-06,2008,11,4,Warm,0
71,2008-11-07,2008,11,4,Warm,0
72,2008-11-08,2008,11,4,Warm,0
73,2008-11-09,2008,11,4,Warm,0
74,2008-11-10,2008,11,4,Warm,0
75,2008-11-11,2008,11,4,Warm,0
76,2008-11-12,2008,11,4,Warm,0
77,2008-11-13,2008,11,4,Warm,0
78,2008-11-14,2008,11,4,Warm,0
79,2008-11-15,2008,11,4,Warm,0
80,2008-11-16,2008,11,4,Warm,0
81,2008-11-17,2008,11,4,Warm,0
82,2008-11-18,2008,11,4,Warm,0
83,2008-11-19,2008,11,4,Warm,0
84,2008-11-20,2008,11,4,Warm,0
85,2008-11-21,2008,11,4,Warm,0
86,2008-11-22,2008,11,4,Warm,0
87,2008-11-23,2008,11,4,Warm,0
88,2008-11-24,2008,11,4,Warm,0
89,2008-11-25,2008,11,4,Warm,0
90,2008-11-26,2008,11,4,Warm,0
91,2008-11-27,2008,11,4,Warm,0
92,2008-11-28,2008,11,4,Warm,0
93,2008-11-29,2008,11,4,Warm,0
94,2008-11-30,2008,11,4,Warm,0
95,2008-12-01,2008,12,4,Warm,0
96,2008-12-02,2008,12,4,Warm,0
97,2008-12-03,2008,12,4,Warm,0
98,2008-12-04,2008,12,4,Warm,0
99,2008-12-05,2008,12,4,Warm,0
100,2008-12-06,2008,12,4,Warm,0
101,2008-12-07,2008,12,4,Warm,0
102,2008-12-08,2008,12,4,Warm,0
103,2008-12-09,2008,12,4,Warm,0
104,2008-12-10,2008,12,4,Warm,0
105,2008-12-11,2008,12,4,Warm,0
106,2008-12-12,2008,12,4,Warm,0
107,2008-12-13,2008,12,4,Warm,0
108,2008-12-14,2008,12,4,Warm,0
109,2008-12-15,2008,12,4,Warm,0
110,2008-12-16,2008,12,4,Warm,0
111,2008-12-17,2008,12,4,Warm,0
112,2008-12-18,2008,12,4,Warm,0
113,2008-12-19,2008,12,4,Warm,0
114,2008-12-20,2008,12,4,Warm,0
115,2008-12-21,2008,12,4,Warm,0
116,2008-12-22,2008,12,4,Warm,0
117,2008-12-23,2008,12,4,Warm,0
118,2008-12-24,2008,12,4,Warm,0
119,2008-12-25,2008,12,4,Warm,0
120,2008-12-26,2008,12,4,Warm,0
121,2008-12-27,2008,12,4,Warm,0
122,2008-12-28,2008,12,4,Warm,0
123,2008-12-29,2008,12,4,Warm,0
124,2008-12-30,2008,12,4,Warm,0
125,2008-12-31,2008,12,4,Warm,0
126,2009-01-01,2009,1,1,Cold,1
127,2009-01-02,2009,1,1,Cold,1
128,2009-01-03,2009,1,1,Cold,1
129,2009-01-04,2009,1,1,Cold,1
130,2009-01-05,2009,1,1,Cold,1
131,2009-01-06,2009,1,1,Cold,1
132,2009-01-07,2009,1,1,Cold,1
133,2009-01-08,2009,1,1,Cold,1
134,2009-01-09,2009,1,1,Cold,1
135,2009-01-10,2009,1,1,Cold,1
136,2009-01-11,2009,1,1,Cold,1
137,2009-01-12,2009,1,1,Cold,1
138,2009-01-13,2009,1,1,Cold,1
139,2009-01-14,2009,1,1,Cold,1
140,2009-01-15,2009,1,1,Cold,1
141,2009-01-16,2009,1,1,Cold,1
142,2009-01-17,2009,1,1,Cold,1
143,2009-01-18,2009,1,1,Cold,1
144,2009-01-19,2009,1,1,Cold,1
145,2009-01-20,2009,1,1,Cold,1
146,2009-01-21,2009,1,1,Cold,1
147,2009-01-22,2009,1,1,Cold,1
148,2009-01-23,2009,1,1,Cold,1
149,2009-01-24,2009,1,1,Cold,1
150,2009-01-25,2009,1,1,Cold,1
151,2009-01-26,2009,1,1,Cold,1
152,2009-01-27,2009,1,1,Cold,1
153,2009-01-28,2009,1,1,Cold,1
154,2009-01-29,2009,1,1,Cold,1
155,2009-01-30,2009,1,1,Cold,1
156,2009-01-31,2009,1,1,Cold,1
157,2009-02-01,2009,2,1,Cold,1
158,2009-02-02,2009,2,1,Cold,1
159,2009-02-03,2009,2,1,Cold,1
160,2009-02-04,2009,2,1,Cold,1
161,2009-02-05,2009,2,1,Cold,1
162,2009-02-06,2009,2,1,Cold,1
163,2009-02-07,2009,2,1,Cold,1
164,2009-02-08,2009,2,1,Cold,1
165,2009-02-09,2009,2,1,Cold,1
166,2009-02-10,2009,2,1,Cold,1
167,2009-02-11,2009,2,1,Cold,1
168,2009-02-12,2009,2,1,Cold,1
169,2009-02-13,2009,2,1,Cold,1
170,2009-02-14,2009,2,1,Cold,1
171,2009-02-15,2009,2,1,Cold,1
172,2009-02-16,2009,2,1,Cold,1
173,2009-02-17,2009,2,1,Cold,1
174,2009-02-18,2009,2,1,Cold,1
175,2009-02-19,2009,2,1,Cold,1
176,2009-02-20,2009,2,1,Cold,1
177,2009-02-21,2009,2,1,Cold,1
178,2009-02-22,2009,2,1,Cold,1
179,2009-02-23,2009,2,1,Cold,1
180,2009-02-24,2009,2,1,Cold,1
181,2009-02-25,2009,2,1,Cold,1
182,2009-02-26,2009,2,1,Cold,1
183,2009-02-27,2009,2,1,Cold,1
184,2009-02-28,2009,2,1,Cold,1
185,2009-03-01,2009,3,1,Cold,1
186,2009-03-02,2009,3,1,Cold,1
187,2009-03-03,2009,3,1,Cold,1
188,2009-03-04,2009,3,1,Cold,1
189,2009-03-05,2009,3,1,Cold,1
190,2009-03-06,2009,3,1,Cold,1
191,2009-03-07,2009,3,1,Cold,1
192,2009-03-08,2009,3,1,Cold,1
193,2009-03-09,2009,3,1,Cold,1
194,2009-03-10,2009,3,1,Cold,1
195,2009-03-11,2009,3,1,Cold,1
196,2009-03-12,2009,3,1,Cold,1
197,2009-03-13,2009,3,1,Cold,1
198,2009-03-14,2009,3,1,Cold,1
199,2009-03-15,2009,3,1,Cold,1
200,2009-03-16,2009,3,1,Cold,1
201,2009-03-17,2009,3,1,Cold,1
202,2009-03-18,2009,3,1,Cold,1
203,2009-03-19,2009,3,1,Cold,1
204,2009-03-20,2009,3,1,Cold,1
205,2009-03-21,2009,3,1,Cold,1
206,2009-03-22,2009,3,1,Cold,1
207,2009-03-23,2009,3,1,Cold,1
208,2009-03-24,2009,3,1,Cold,1
209,2009-03-25,2009,3,1,Cold,1
210,2009-03-26,2009,3,1,Cold,1
211,2009-03-27,2009,3,1,Cold,1
212,2009-03-28,2009,3,1,Cold,1
213,2009-03-29,2009,3,1,Cold,1
214,2009-03-30,2009,3,1,Cold,1
215,2009-03-31,2009,3,1,Cold,1
216,2009-04-01,2009,4,2,Cold,1
217,2009-04-02,2009,4,2,Cold,1
218,2009-04-03,2009,4,2,Cold,1
219,2009-04-04,2009,4,2,Cold,1
220,2009-04-05,2009,4,2,Cold,1
221,2009-04-06,2009,4,2,Cold,1
222,2009-04-07,2009,4,2,Cold,1
223,2009-04-08,2009,4,2,Cold,1
224,2009-04-09,2009,4,2,Cold,1
225,2009-04-10,2009,4,2,Cold,1
226,2009-04-11,2009,4,2,Cold,1
227,2009-04-12,2009,4,2,Cold,1
228,2009-04-13,2009,4,2,Cold,1
229,2009-04-14,2009,4,2,Cold,1
230,2009-04-15,2009,4,2,Cold,1
231,2009-04-16,2009,4,2,Cold,1
232,2009-04-17,2009,4,2,Cold,1
233,2009-04-18,2009,4,2,Cold,1
234,2009-04-19,2009,4,2,Cold,1
235,2009-04-20,2009,4,2,Cold,1
236,2009-04-21,2009,4,2,Cold,1
237,2009-04-22,2009,4,2,Cold,1
238,2009-04-23,2009,4,2,Cold,1
239,2009-04-24,2009,4,2,Cold,1
240,2009-04-25,2009,4,2,Cold,1
241,2009-04-26,2009,4,2,Cold,1
242,2009-04-27,2009,4,2,Cold,1
243,2009-04-28,2009,4,2,Cold,1
244,2009-04-29,2009,4,2,Cold,1
245,2009-04-30,2009,4,2,Cold,1
246,2009-05-01,2009,5,2,Warm,0
247,2009-05-02,2009,5,2,Warm,0
248,2009-05-03,2009,5,2,Warm,0
249,2009-05-04,2009,5,2,Warm,0
250,2009-05-05,2009,5,2,Warm,0
251,2009-05-06,2009,5,2,Warm,0
252,2009-05-07,2009,5,2,Warm,0
253,2009-05-08,2009,5,2,Warm,0
254,2009-05-09,2009,5,2,Warm,0
255,2009-05-10,2009,5,2,Warm,0
256,2009-05-11,2009,5,2,Warm,0
257,2009-05-12,2009,5,2,Warm,0
258,2009-05-13,2009,5,2,Warm,0
259,2009-05-14,2009,5,2,Warm,0
260,2009-05-15,2009,5,2,Warm,0
261,2009-05-16,2009,5,2,Warm,0
262,2009-05-17,2009,5,2,Warm,0
263,2009-05-18,2009,5,2,Warm,0
264,2009-05-19,2009,5,2,Warm,0
265,2009-05-20,2009,5,2,Warm,0
266,2009-05-21,2009,5,2,Warm,0
267,2009-05-22,2009,5,2,Warm,0
268,2009-05-23,2009,5,2,Warm,0
269,2009-05-24,2009,5,2,Warm,0
270,2009-05-25,2009,5,2,Warm,0
271,2009-05-26,2009,5,2,Warm,0
272,2009-05-27,2009,5,2,Warm,0
273,2009-05-28,2009,5,2,Warm,0
274,2009-05-29,2009,5,2,Warm,0
275,2009-05-30,2009,5,2,Warm,0
276,2009-05-31,2009,5,2,Warm,0
277,2009-06-01,2009,6,2,Warm,0
278,2009-06-02,2009,6,2,Warm,0
279,2009-06-03,2009,6,2,Warm,0
280,2009-06-04,2009,6,2,Warm,0
281,2009-06-05,2009,6,2,Warm,0
282,2009-06-06,2009,6,2,Warm,0
283,2009-06-07,2009,6,2,Warm,0
284,2009-06-09,2009,6,2,Warm,0
285,2009-06-10,2009,6,2,Warm,0
286,2009-06-11,2009,6,2,Warm,0
287,2009-06-12,2009,6,2,Warm,0
288,2009-06-13,2009,6,2,Warm,0
289,2009-06-14,2009,6,2,Warm,0
290,2009-06-15,2009,6,2,Warm,0
291,2009-06-16,2009,6,2,Warm,0
292,2009-06-17,2009,6,2,Warm,0
293,2009-06-18,2009,6,2,Warm,0
294,2009-06-19,2009,6,2,Warm,0
295,2009-06-20,2009,6,2,Warm,0
296,2009-06-21,2009,6,2,Warm,0
297,2009-06-22,2009,6,2,Warm,0
298,2009-06-23,2009,6,2,Warm,0
299,2009-06-24,2009,6,2,Warm,0
300,2009-06-25,2009,6,2,Warm,0
301,2009-06-26,2009,6,2,Warm,0
302,2009-06-27,2009,6,2,Warm,0
303,2009-06-28,2009,6,2,Warm,0
304,2009-06-29,2009,6,2,Warm,0
305,2009-06-30,2009,6,2,Warm,0
306,2009-07-01,2009,7,3,Warm,0
307,2009-07-02,2009,7,3,Warm,0
308,2009-07-03,2009,7,3,Warm,0
309,2009-07-04,2009,7,3,Warm,0
310,2009-07-05,2009,7,3,Warm,0
311,2009-07-06,2009,7,3,Warm,0
312,2009-07-07,2009,7,3,Warm,0
313,2009-07-08,2009,7,3,Warm,0
314,2009-07-09,2009,7,3,Warm,0
315,2009-07-10,2009,7,3,Warm,0
316,2009-07-11,2009,7,3,Warm,0
317,2009-07-12,2009,7,3,Warm,0
318,2009-07-13,2009,7,3,Warm,0
319,2009-07-14,2009,7,3,Warm,0
320,2009-07-15,2009,7,3,Warm,0
321,2009-07-16,2009,7,3,Warm,0
322,2009-07-17,2009,7,3,Warm,0
323,2009-07-18,2009,7,3,Warm,0
324,2009-07-19,2009,7,3,Warm,0
325,2009-07-20,2009,7,3,Warm,0
326,2009-07-21,2009,7,3,Warm,0
327,2009-07-22,2009,7,3,Warm,0
328,2009-07-23,2009,7,3,Warm,0
329,2009-07-24,2009,7,3,Warm,0
330,2009-07-25,2009,7,3,Warm,0
331,2009-07-26,2009,7,3,Warm,0
332,2009-07-27,2009,7,3,Warm,0
333,2009-07-28,2009,7,3,Warm,0
334,2009-07-29,2009,7,3,Warm,0
335,2009-07-30,2009,7,3,Warm,0
336,2009-07-31,2009,7,3,Warm,0
337,2009-08-01,2009,8,3,Warm,0
338,2009-08-02,2009,8,3,Warm,0
339,2009-08-03,2009,8,3,Warm,0
340,2009-08-04,2009,8,3,Warm,0
341,2009-08-05,2009,8,3,Warm,0
342,2009-08-06,2009,8,3,Warm,0
343,2009-08-07,2009,8,3,Warm,0
344,2009-08-08,2009,8,3,Warm,0
345,2009-08-09,2009,8,3,Warm,0
346,2009-08-10,2009,8,3,Warm,0
347,2009-08-11,2009,8,3,Warm,0
348,2009-08-12,2009,8,3,Warm,0
349,2009-08-13,2009,8,3,Warm,0
350,2009-08-14,2009,8,3,Warm,0
351,2009-08-15,2009,8,3,Warm,0
352,2009-08-16,2009,8,3,Warm,0
353,2009-08-17,2009,8,3,Warm,0
354,2009-08-18,2009,8,3,Warm,0
355,2009-08-19,2009,8,3,Warm,0
356,2009-08-20,2009,8,3,Warm,0
357,2009-08-21,2009,8,3,Warm,0
358,2009-08-22,2009,8,3,Warm,0
359,2009-08-23,2009,8,3,Warm,0
360,2009-08-24,2009,8,3,Warm,0
361,2009-08-25,2009,8,3,Warm,0
362,2009-08-26,2009,8,3,Warm,0
363,2009-08-27,2009,8,3,Warm,0
364,2009-08-28,2009,8,3,Warm,0
365,2009-08-29,2009,8,3,Warm,0
366,2009-08-30,2009,8,3,Warm,0
367,2009-08-31,2009,8,3,Warm,0
368,2009-09-01,2009,9,3,Warm,0
369,2009-09-02,2009,9,3,Warm,0
370,2009-09-03,2009,9,3,Warm,0
371,2009-09-04,2009,9,3,Warm,0
372,2009-09-05,2009,9,3,Warm,0
373,2009-09-06,2009,9,3,Warm,0
374,2009-09-07,2009,9,3,Warm,0
375,2009-09-08,2009,9,3,Warm,0
376,2009-09-09,2009,9,3,Warm,0
377,2009-09-10,2009,9,3,Warm,0
378,2009-09-11,2009,9,3,Warm,0
379,2009-09-12,2009,9,3,Warm,0
380,2009-09-13,2009,9,3,Warm,0
381,2009-09-14,2009,9,3,Warm,0
382,2009-09-15,2009,9,3,Warm,0
383,2009-09-16,2009,9,3,Warm,0
384,2009-09-17,2009,9,3,Warm,0
385,2009-09-18,2009,9,3,Warm,0
386,2009-09-19,2009,9,3,Warm,0
387,2009-09-20,2009,9,3,Warm,0
388,2009-09-21,2009,9,3,Warm,0
389,2009-09-22,2009,9,3,Warm,0
390,2009-09-23,2009,9,3,Warm,0
391,2009-09-24,2009,9,3,Warm,0
392,2009-09-25,2009,9,3,Warm,0
393,2009-09-26,2009,9,3,Warm,0
394,2009-09-27,2009,9,3,Warm,0
395,2009-09-28,2009,9,3,Warm,0
396,2009-09-29,2009,9,3,Warm,0
397,2009-09-30,2009,9,3,Warm,0
398,2009-10-01,2009,10,4,Warm,0
399,2009-10-02,2009,10,4,Warm,0
400,2009-10-03,2009,10,4,Warm,0
401,2009-10-04,2009,10,4,Warm,0
402,2009-10-05,2009,10,4,Warm,0
403,2009-10-06,2009,10,4,Warm,0
404,2009-10-07,2009,10,4,Warm,0
405,2009-10-08,2009,10,4,Warm,0
406,2009-10-09,2009,10,4,Warm,0
407,2009-10-10,2009,10,4,Warm,0
408,2009-10-11,2009,10,4,Warm,0
409,2009-10-12,2009,10,4,Warm,0
410,2009-10-13,2009,10,4,Warm,0
411,2009-10-14,2009,10,4,Warm,0
412,2009-10-15,2009,10,4,Warm,0
413,2009-10-16,2009,10,4,Warm,0
414,2009-10-17,2009,10,4,Warm,0
415,2009-10-18,2009,10,4,Warm,0
416,2009-10-19,2009,10,4,Warm,0
417,2009-10-20,2009,10,4,Warm,0
418,2009-10-21,2009,10,4,Warm,0
419,2009-10-22,2009,10,4,Warm,0
420,2009-10-23,2009,10,4,Warm,0
421,2009-10-24,2009,10,4,Warm,0
422,2009-10-25,2009,10,4,Warm,0
423,2009-10-26,2009,10,4,Warm,0
424,2009-10-27,2009,10,4,Warm,0
425,2009-10-28,2009,10,4,Warm,0
426,2009-10-29,2009,10,4,Warm,0
427,2009-10-30,2009,10,4,Warm,0
428,2009-10-31,2009,10,4,Warm,0
429,2009-11-01,2009,11,4,Warm,0
430,2009-11-02,2009,11,4,Warm,0
431,2009-11-03,2009,11,4,Warm,0
432,2009-11-04,2009,11,4,Warm,0
433,2009-11-05,2009,11,4,Warm,0
434,2009-11-06,2009,11,4,Warm,0
435,2009-11-07,2009,11,4,Warm,0
436,2009-11-08,2009,11,4,Warm,0
437,2009-11-09,2009,11,4,Warm,0
438,2009-11-10,2009,11,4,Warm,0
439,2009-11-11,2009,11,4,Warm,0
440,2009-11-12,2009,11,4,Warm,0
441,2009-11-13,2009,11,4,Warm,0
442,2009-11-14,2009,11,4,Warm,0
443,2009-11-15,2009,11,4,Warm,0
444,2009-11-16,2009,11,4,Warm,0
445,2009-11-17,2009,11,4,Warm,0
446,2009-11-18,2009,11,4,Warm,0
447,2009-11-19,2009,11,4,Warm,0
448,2009-11-20,2009,11,4,Warm,0
449,2009-11-21,2009,11,4,Warm,0
450,2009-11-22,2009,11,4,Warm,0
451,2009-11-23,2009,11,4,Warm,0
452,2009-11-24,2009,11,4,Warm,0
453,2009-11-25,2009,11,4,Warm,0
454,2009-11-26,2009,11,4,Warm,0
455,2009-11-27,2009,11,4,Warm,0
456,2009-11-28,2009,11,4,Warm,0
457,2009-11-29,2009,11,4,Warm,0
458,2009-11-30,2009,11,4,Warm,0
459,2009-12-01,2009,12,4,Warm,0
460,2009-12-02,2009,12,4,Warm,0
461,2009-12-03,2009,12,4,Warm,0
462,2009-12-04,2009,12,4,Warm,0
463,2009-12-05,2009,12,4,Warm,0
464,2009-12-06,2009,12,4,Warm,0
465,2009-12-07,2009,12,4,Warm,0
466,2009-12-08,2009,12,4,Warm,0
467,2009-12-09,2009,12,4,Warm,0
468,2009-12-10,2009,12,4,Warm,0
469,2009-12-11,2009,12,4,Warm,0
470,2009-12-12,2009,12,4,Warm,0
471,2009-12-13,2009,12,4,Warm,0
472,2009-12-14,2009,12,4,Warm,0
473,2009-12-15,2009,12,4,Warm,0
474,2009-12-16,2009,12,4,Warm,0
475,2009-12-17,2009,12,4,Warm,0
476,2009-12-18,2009,12,4,Warm,0
477,2009-12-19,2009,12,4,Warm,0
478,2009-12-20,2009,12,4,Warm,0
479,2009-12-21,2009,12,4,Warm,0
480,2009-12-22,2009,12,4,Warm,0
481,2009-12-23,2009,12,4,Warm,0
482,2009-12-24,2009,12,4,Warm,0
483,2009-12-25,2009,12,4,Warm,0
484,2009-12-26,2009,12,4,Warm,0
485,2009-12-27,2009,12,4,Warm,0
486,2009-12-28,2009,12,4,Warm,0
487,2009-12-29,2009,12,4,Warm,0
488,2009-12-30,2009,12,4,Warm,0
489,2009-12-31,2009,12,4,Warm,0
490,2010-01-01,2010,1,1,Cold,1
491,2010-01-02,2010,1,1,Cold,1
492,2010-01-03,2010,1,1,Cold,1
493,2010-01-04,2010,1,1,Cold,1
494,2010-01-05,2010,1,1,Cold,1
495,2010-01-06,2010,1,1,Cold,1
496,2010-01-07,2010,1,1,Cold,1
497,2010-01-08,2010,1,1,Cold,1
498,2010-01-09,2010,1,1,Cold,1
499,2010-01-10,2010,1,1,Cold,1
500,2010-01-11,2010,1,1,Cold,1
501,2010-01-12,2010,1,1,Cold,1
502,2010-01-13,2010,1,1,Cold,1
503,2010-01-14,2010,1,1,Cold,1
504,2010-01-15,2010,1,1,Cold,1
505,2010-01-16,2010,1,1,Cold,1
506,2010-01-17,2010,1,1,Cold,1
507,2010-01-18,2010,1,1,Cold,1
508,2010-01-19,2010,1,1,Cold,1
509,2010-01-20,2010,1,1,Cold,1
510,2010-01-21,2010,1,1,Cold,1
511,2010-01-22,2010,1,1,Cold,1
512,2010-01-23,2010,1,1,Cold,1
513,2010-01-24,2010,1,1,Cold,1
514,2010-01-25,2010,1,1,Cold,1
515,2010-01-26,2010,1,1,Cold,1
516,2010-01-27,2010,1,1,Cold,1
517,2010-01-28,2010,1,1,Cold,1
518,2010-01-29,2010,1,1,Cold,1
519,2010-01-30,2010,1,1,Cold,1
520,2010-01-31,2010,1,1,Cold,1
521,2010-02-01,2010,2,1,Cold,1
522,2010-02-02,2010,2,1,Cold,1
523,2010-02-03,2010,2,1,Cold,1
524,2010-02-04,2010,2,1,Cold,1
525,2010-02-05,2010,2,1,Cold,1
526,2010-02-06,2010,2,1,Cold,1
527,2010-02-07,2010,2,1,Cold,1
528,2010-02-08,2010,2,1,Cold,1
529,2010-02-09,2010,2,1,Cold,1
530,2010-02-10,2010,2,1,Cold,1
531,2010-02-11,2010,2,1,Cold,1
532,2010-02-12,2010,2,1,Cold,1
533,2010-02-13,2010,2,1,Cold,1
534,2010-02-14,2010,2,1,Cold,1
535,2010-02-15,2010,2,1,Cold,1
536,2010-02-16,2010,2,1,Cold,1
537,2010-02-17,2010,2,1,Cold,1
538,2010-02-18,2010,2,1,Cold,1
539,2010-02-19,2010,2,1,Cold,1
540,2010-02-20,2010,2,1,Cold,1
541,2010-02-21,2010,2,1,Cold,1
542,2010-02-22,2010,2,1,Cold,1
543,2010-02-23,2010,2,1,Cold,1
544,2010-02-24,2010,2,1,Cold,1
545,2010-02-25,2010,2,1,Cold,1
546,2010-02-26,2010,2,1,Cold,1
547,2010-02-27,2010,2,1,Cold,1
548,2010-02-28,2010,2,1,Cold,1
549,2010-03-01,2010,3,1,Cold,1
550,2010-03-02,2010,3,1,Cold,1
551,2010-03-03,2010,3,1,Cold,1
552,2010-03-04,2010,3,1,Cold,1
553,2010-03-05,2010,3,1,Cold,1
554,2010-03-06,2010,3,1,Cold,1
555,2010-03-07,2010,3,1,Cold,1
556,2010-03-08,2010,3,1,Cold,1
557,2010-03-09,2010,3,1,Cold,1
558,2010-03-10,2010,3,1,Cold,1
559,2010-03-11,2010,3,1,Cold,1
560,2010-03-12,2010,3,1,Cold,1
561,2010-03-13,2010,3,1,Cold,1
562,2010-03-14,2010,3,1,Cold,1
563,2010-03-15,2010,3,1,Cold,1
564,2010-03-16,2010,3,1,Cold,1
565,2010-03-17,2010,3,1,Cold,1
566,2010-03-18,2010,3,1,Cold,1
567,2010-03-19,2010,3,1,Cold,1
568,2010-03-20,2010,3,1,Cold,1
569,2010-03-21,2010,3,1,Cold,1
570,2010-03-22,2010,3,1,Cold,1
571,2010-03-23,2010,3,1,Cold,1
572,2010-03-24,2010,3,1,Cold,1
573,2010-03-25,2010,3,1,Cold,1
574,2010-03-26,2010,3,1,Cold,1
575,2010-03-27,2010,3,1,Cold,1
576,2010-03-28,2010,3,1,Cold,1
577,2010-03-29,2010,3,1,Cold,1
578,2010-03-30,2010,3,1,Cold,1
579,2010-03-31,2010,3,1,Cold,1
580,2010-04-01,2010,4,2,Cold,1
581,2010-04-02,2010,4,2,Cold,1
582,2010-04-03,2010,4,2,Cold,1
583,2010-04-04,2010,4,2,Cold,1
584,2010-04-05,2010,4,2,Cold,1
585,2010-04-06,2010,4,2,Cold,1
586,2010-04-07,2010,4,2,Cold,1
587,2010-04-08,2010,4,2,Cold,1
588,2010-04-09,2010,4,2,Cold,1
589,2010-04-10,2010,4,2,Cold,1
590,2010-04-11,2010,4,2,Cold,1
591,2010-04-12,2010,4,2,Cold,1
592,2010-04-13,2010,4,2,Cold,1
593,2010-04-14,2010,4,2,Cold,1
594,2010-04-15,2010,4,2,Cold,1
595,2010-04-16,2010,4,2,Cold,1
596,2010-04-17,2010,4,2,Cold,1
597,2010-04-18,2010,4,2,Cold,1
598,2010-04-19,2010,4,2,Cold,1
599,2010-04-20,2010,4,2,Cold,1
600,2010-04-21,2010,4,2,Cold,1
601,2010-04-22,2010,4,2,Cold,1
602,2010-04-23,2010,4,2,Cold,1
603,2010-04-24,2010,4,2,Cold,1
604,2010-04-25,2010,4,2,Cold,1
605,2010-04-26,2010,4,2,Cold,1
606,2010-04-27,2010,4,2,Cold,1
607,2010-04-28,2010,4,2,Cold,1
608,2010-04-29,2010,4,2,Cold,1
609,2010-04-30,2010,4,2,Cold,1
610,2010-05-01,2010,5,2,Warm,0
611,2010-05-02,2010,5,2,Warm,0
612,2010-05-03,2010,5,2,Warm,0
613,2010-05-04,2010,5,2,Warm,0
614,2010-05-05,2010,5,2,Warm,0
615,2010-05-06,2010,5,2,Warm,0
616,2010-05-07,2010,5,2,Warm,0
617,2010-05-08,2010,5,2,Warm,0
618,2010-05-09,2010,5,2,Warm,0
619,2010-05-10,2010,5,2,Warm,0
620,2010-05-11,2010,5,2,Warm,0
621,2010-05-12,2010,5,2,Warm,0
622,2010-05-13,2010,5,2,Warm,0
623,2010-05-14,2010,5,2,Warm,0
624,2010-05-15,2010,5,2,Warm,0
625,2010-05-16,2010,5,2,Warm,0
626,2010-05-17,2010,5,2,Warm,0
627,2010-05-18,2010,5,2,Warm,0
628,2010-05-19,2010,5,2,Warm,0
629,2010-05-20,2010,5,2,Warm,0
630,2010-05-21,2010,5,2,Warm,0
631,2010-05-22,2010,5,2,Warm,0
632,2010-05-23,2010,5,2,Warm,0
633,2010-05-24,2010,5,2,Warm,0
634,2010-05-25,2010,5,2,Warm,0
635,2010-05-26,2010,5,2,Warm,0
636,2010-05-27,2010,5,2,Warm,0
637,2010-05-28,2010,5,2,Warm,0
638,2010-05-29,2010,5,2,Warm,0
639,2010-05-30,2010,5,2,Warm,0
640,2010-05-31,2010,5,2,Warm,0
641,2010-06-01,2010,6,2,Warm,0
642,2010-06-02,2010,6,2,Warm,0
643,2010-06-03,2010,6,2,Warm,0
644,2010-06-04,2010,6,2,Warm,0
645,2010-06-05,2010,6,2,Warm,0
646,2010-06-06,2010,6,2,Warm,0
647,2010-06-07,2010,6,2,Warm,0
648,2010-06-08,2010,6,2,Warm,0
649,2010-06-09,2010,6,2,Warm,0
650,2010-06-10,2010,6,2,Warm,0
651,2010-06-11,2010,6,2,Warm,0
652,2010-06-12,2010,6,2,Warm,0
653,2010-06-13,2010,6,2,Warm,0
654,2010-06-14,2010,6,2,Warm,0
655,2010-06-15,2010,6,2,Warm,0
656,2010-06-16,2010,6,2,Warm,0
657,2010-06-17,2010,6,2,Warm,0
658,2010-06-18,2010,6,2,Warm,0
659,2010-06-19,2010,6,2,Warm,0
660,2010-06-20,2010,6,2,Warm,0
661,2010-06-21,2010,6,2,Warm,0
662,2010-06-22,2010,6,2,Warm,0
663,2010-06-23,2010,6,2,Warm,0
664,2010-06-24,2010,6,2,Warm,0
665,2010-06-25,2010,6,2,Warm,0
666,2010-06-26,2010,6,2,Warm,0
667,2010-06-27,2010,6,2,Warm,0
668,2010-06-28,2010,6,2,Warm,0
669,2010-06-29,2010,6,2,Warm,0
670,2010-06-30,2010,6,2,Warm,0
671,2010-07-01,2010,7,3,Warm,0
672,2010-07-02,2010,7,3,Warm,0
673,2010-07-03,2010,7,3,Warm,0
674,2010-07-04,2010,7,3,Warm,0
675,2010-07-05,2010,7,3,Warm,0
676,2010-07-06,2010,7,3,Warm,0
677,2010-07-07,2010,7,3,Warm,0
678,2010-07-08,2010,7,3,Warm,0
679,2010-07-09,2010,7,3,Warm,0
680,2010-07-10,2010,7,3,Warm,0
681,2010-07-11,2010,7,3,Warm,0
682,2010-07-12,2010,7,3,Warm,0
683,2010-07-13,2010,7,3,Warm,0
684,2010-07-14,2010,7,3,Warm,0
685,2010-07-15,2010,7,3,Warm,0
686,2010-07-16,2010,7,3,Warm,0
687,2010-07-17,2010,7,3,Warm,0
688,2010-07-18,2010,7,3,Warm,0
689,2010-07-19,2010,7,3,Warm,0
690,2010-07-20,2010,7,3,Warm,0
691,2010-07-21,2010,7,3,Warm,0
692,2010-07-22,2010,7,3,Warm,0
693,2010-07-23,2010,7,3,Warm,0
694,2010-07-24,2010,7,3,Warm,0
695,2010-07-25,2010,7,3,Warm,0
696,2010-07-26,2010,7,3,Warm,0
697,2010-07-27,2010,7,3,Warm,0
698,2010-07-28,2010,7,3,Warm,0
699,2010-07-29,2010,7,3,Warm,0
700,2010-07-30,2010,7,3,Warm,0
701,2010-07-31,2010,7,3,Warm,0
702,2010-08-01,2010,8,3,Warm,0
703,2010-08-02,2010,8,3,Warm,0
704,2010-08-03,2010,8,3,Warm,0
705,2010-08-04,2010,8,3,Warm,0
706,2010-08-05,2010,8,3,Warm,0
707,2010-08-06,2010,8,3,Warm,0
708,2010-08-07,2010,8,3,Warm,0
709,2010-08-08,2010,8,3,Warm,0
710,2010-08-09,2010,8,3,Warm,0
711,2010-08-10,2010,8,3,Warm,0
712,2010-08-11,2010,8,3,Warm,0
713,2010-08-12,2010,8,3,Warm,0
714,2010-08-13,2010,8,3,Warm,0
715,2010-08-14,2010,8,3,Warm,0
716,2010-08-15,2010,8,3,Warm,0
717,2010-08-16,2010,8,3,Warm,0
718,2010-08-17,2010,8,3,Warm,0
719,2010-08-18,2010,8,3,Warm,0
720,2010-08-19,2010,8,3,Warm,0
721,2010-08-20,2010,8,3,Warm,0
722,2010-08-21,2010,8,3,Warm,0
723,2010-08-22,2010,8,3,Warm,0
724,2010-08-23,2010,8,3,Warm,0
725,2010-08-24,2010,8,3,Warm,0
726,2010-08-25,2010,8,3,Warm,0
727,2010-08-26,2010,8,3,Warm,0
728,2010-08-27,2010,8,3,Warm,0
729,2010-08-28,2010,8,3,Warm,0
730,2010-08-29,2010,8,3,Warm,0
731,2010-08-30,2010,8,3,Warm,0
732,2010-08-31,2010,8,3,Warm,0
733,2010-09-01,2010,9,3,Warm,0
734,2010-09-02,2010,9,3,Warm,0
735,2010-09-03,2010,9,3,Warm,0
736,2010-09-04,2010,9,3,Warm,0
737,2010-09-05,2010,9,3,Warm,0
738,2010-09-06,2010,9,3,Warm,0
739,2010-09-07,2010,9,3,Warm,0
740,2010-09-08,2010,9,3,Warm,0
741,2010-09-09,2010,9,3,Warm,0
742,2010-09-10,2010,9,3,Warm,0
743,2010-09-11,2010,9,3,Warm,0
744,2010-09-12,2010,9,3,Warm,0
745,2010-09-13,2010,9,3,Warm,0
746,2010-09-14,2010,9,3,Warm,0
747,2010-09-15,2010,9,3,Warm,0
748,2010-09-16,2010,9,3,Warm,0
749,2010-09-17,2010,9,3,Warm,0
750,2010-09-18,2010,9,3,Warm,0
751,2010-09-19,2010,9,3,Warm,0
752,2010-09-20,2010,9,3,Warm,0
753,2010-09-21,2010,9,3,Warm,0
754,2010-09-22,2010,9,3,Warm,0
755,2010-09-23,2010,9,3,Warm,0
756,2010-09-24,2010,9,3,Warm,0
757,2010-09-25,2010,9,3,Warm,0
758,2010-09-26,2010,9,3,Warm,0
759,2010-09-27,2010,9,3,Warm,0
760,2010-09-28,2010,9,3,Warm,0
761,2010-09-29,2010,9,3,Warm,0
762,2010-09-30,2010,9,3,Warm,0
763,2010-10-01,2010,10,4,Warm,0
764,2010-10-02,2010,10,4,Warm,0
765,2010-10-03,2010,10,4,Warm,0
766,2010-10-04,2010,10,4,Warm,0
767,2010-10-05,2010,10,4,Warm,0
768,2010-10-06,2010,10,4,Warm,0
769,2010-10-07,2010,10,4,Warm,0
770,2010-10-08,2010,10,4,Warm,0
771,2010-10-09,2010,10,4,Warm,0
772,2010-10-10,2010,10,4,Warm,0
773,2010-10-11,2010,10,4,Warm,0
774,2010-10-12,2010,10,4,Warm,0
775,2010-10-13,2010,10,4,Warm,0
776,2010-10-14,2010,10,4,Warm,0
777,2010-10-15,2010,10,4,Warm,0
778,2010-10-16,2010,10,4,Warm,0
779,2010-10-17,2010,10,4,Warm,0
780,2010-10-18,2010,10,4,Warm,0
781,2010-10-19,2010,10,4,Warm,0
782,2010-10-20,2010,10,4,Warm,0
783,2010-10-21,2010,10,4,Warm,0
784,2010-10-22,2010,10,4,Warm,0
785,2010-10-23,2010,10,4,Warm,0
786,2010-10-24,2010,10,4,Warm,0
787,2010-10-25,2010,10,4,Warm,0
788,2010-10-26,2010,10,4,Warm,0
789,2010-10-27,2010,10,4,Warm,0
790,2010-10-28,2010,10,4,Warm,0
791,2010-10-29,2010,10,4,Warm,0
792,2010-10-30,2010,10,4,Warm,0
793,2010-10-31,2010,10,4,Warm,0
794,2010-11-01,2010,11,4,Warm,0
795,2010-11-02,2010,11,4,Warm,0
796,2010-11-03,2010,11,4,Warm,0
797,2010-11-04,2010,11,4,Warm,0
798,2010-11-05,2010,11,4,Warm,0
799,2010-11-06,2010,11,4,Warm,0
800,2010-11-07,2010,11,4,Warm,0
801,2010-11-08,2010,11,4,Warm,0
802,2010-11-09,2010,11,4,Warm,0
803,2010-11-10,2010,11,4,Warm,0
804,2010-11-11,2010,11,4,Warm,0
805,2010-11-12,2010,11,4,Warm,0
806,2010-11-13,2010,11,4,Warm,0
807,2010-11-14,2010,11,4,Warm,0
808,2010-11-15,2010,11,4,Warm,0
809,2010-11-16,2010,11,4,Warm,0
810,2010-11-17,2010,11,4,Warm,0
811,2010-11-18,2010,11,4,Warm,0
812,2010-11-19,2010,11,4,Warm,0
813,2010-11-20,2010,11,4,Warm,0
814,2010-11-21,2010,11,4,Warm,0
815,2010-11-22,2010,11,4,Warm,0
816,2010-11-23,2010,11,4,Warm,0
817,2010-11-24,2010,11,4,Warm,0
818,2010-11-25,2010,11,4,Warm,0
819,2010-11-26,2010,11,4,Warm,0
820,2010-11-27,2010,11,4,Warm,0
821,2010-11-28,2010,11,4,Warm,0
822,2010-11-29,2010,11,4,Warm,0
823,2010-11-30,2010,11,4,Warm,0
824,2010-12-01,2010,12,4,Warm,0
825,2010-12-02,2010,12,4,Warm,0
826,2010-12-03,2010,12,4,Warm,0
827,2010-12-04,2010,12,4,Warm,0
828,2010-12-05,2010,12,4,Warm,0
829,2010-12-06,2010,12,4,Warm,0
830,2010-12-07,2010,12,4,Warm,0
831,2010-12-08,2010,12,4,Warm,0
832,2010-12-09,2010,12,4,Warm,0
833,2010-12-10,2010,12,4,Warm,0
834,2010-12-11,2010,12,4,Warm,0
835,2010-12-12,2010,12,4,Warm,0
836,2010-12-13,2010,12,4,Warm,0
837,2010-12-14,2010,12,4,Warm,0
838,2010-12-15,2010,12,4,Warm,0
839,2010-12-16,2010,12,4,Warm,0
840,2010-12-17,2010,12,4,Warm,0
841,2010-12-18,2010,12,4,Warm,0
842,2010-12-19,2010,12,4,Warm,0
843,2010-12-20,2010,12,4,Warm,0
844,2010-12-21,2010,12,4,Warm,0
845,2010-12-22,2010,12,4,Warm,0
846,2010-12-23,2010,12,4,Warm,0
847,2010-12-24,2010,12,4,Warm,0
848,2010-12-25,2010,12,4,Warm,0
849,2010-12-26,2010,12,4,Warm,0
850,2010-12-27,2010,12,4,Warm,0
851,2010-12-28,2010,12,4,Warm,0
852,2010-12-29,2010,12,4,Warm,0
853,2010-12-30,2010,12,4,Warm,0
854,2010-12-31,2010,12,4,Warm,0
855,2011-01-01,2011,1,1,Cold,1
856,2011-01-02,2011,1,1,Cold,1
857,2011-01-03,2011,1,1,Cold,1
858,2011-01-04,2011,1,1,Cold,1
859,2011-01-05,2011,1,1,Cold,1
860,2011-01-06,2011,1,1,Cold,1
861,2011-01-07,2011,1,1,Cold,1
862,2011-01-08,2011,1,1,Cold,1
863,2011-01-09,2011,1,1,Cold,1
864,2011-01-10,2011,1,1,Cold,1
865,2011-01-11,2011,1,1,Cold,1
866,2011-01-12,2011,1,1,Cold,1
867,2011-01-13,2011,1,1,Cold,1
868,2011-01-14,2011,1,1,Cold,1
869,2011-01-15,2011,1,1,Cold,1
870,2011-01-16,2011,1,1,Cold,1
871,2011-01-17,2011,1,1,Cold,1
872,2011-01-18,2011,1,1,Cold,1
873,2011-01-19,2011,1,1,Cold,1
874,2011-01-20,2011,1,1,Cold,1
875,2011-01-21,2011,1,1,Cold,1
876,2011-01-22,2011,1,1,Cold,1
877,2011-01-23,2011,1,1,Cold,1
878,2011-01-24,2011,1,1,Cold,1
879,2011-01-25,2011,1,1,Cold,1
880,2011-01-26,2011,1,1,Cold,1
881,2011-01-27,2011,1,1,Cold,1
882,2011-01-28,2011,1,1,Cold,1
883,2011-01-29,2011,1,1,Cold,1
884,2011-01-30,2011,1,1,Cold,1
885,2011-01-31,2011,1,1,Cold,1
886,2011-02-01,2011,2,1,Cold,1
887,2011-02-02,2011,2,1,Cold,1
888,2011-02-03,2011,2,1,Cold,1
889,2011-02-04,2011,2,1,Cold,1
890,2011-02-05,2011,2,1,Cold,1
891,2011-02-06,2011,2,1,Cold,1
892,2011-02-07,2011,2,1,Cold,1
893,2011-02-08,2011,2,1,Cold,1
894,2011-02-09,2011,2,1,Cold,1
895,2011-02-10,2011,2,1,Cold,1
896,2011-02-11,2011,2,1,Cold,1
897,2011-02-12,2011,2,1,Cold,1
898,2011-02-13,2011,2,1,Cold,1
899,2011-02-14,2011,2,1,Cold,1
900,2011-02-15,2011,2,1,Cold,1
901,2011-02-16,2011,2,1,Cold,1
902,2011-02-17,2011,2,1,Cold,1
903,2011-02-18,2011,2,1,Cold,1
904,2011-02-19,2011,2,1,Cold,1
905,2011-02-20,2011,2,1,Cold,1
906,2011-02-21,2011,2,1,Cold,1
907,2011-02-22,2011,2,1,Cold,1
908,2011-02-23,2011,2,1,Cold,1
909,2011-02-24,2011,2,1,Cold,1
910,2011-02-25,2011,2,1,Cold,1
911,2011-02-26,2011,2,1,Cold,1
912,2011-02-27,2011,2,1,Cold,1
913,2011-02-28,2011,2,1,Cold,1
914,2011-03-01,2011,3,1,Cold,1
915,2011-03-02,2011,3,1,Cold,1
916,2011-03-03,2011,3,1,Cold,1
917,2011-03-04,2011,3,1,Cold,1
918,2011-03-05,2011,3,1,Cold,1
919,2011-03-06,2011,3,1,Cold,1
920,2011-03-07,2011,3,1,Cold,1
921,2011-03-08,2011,3,1,Cold,1
922,2011-03-09,2011,3,1,Cold,1
923,2011-03-10,2011,3,1,Cold,1
924,2011-03-11,2011,3,1,Cold,1
925,2011-03-12,2011,3,1,Cold,1
926,2011-03-13,2011,3,1,Cold,1
927,2011-03-14,2011,3,1,Cold,1
928,2011-03-15,2011,3,1,Cold,1
929,2011-03-16,2011,3,1,Cold,1
930,2011-03-17,2011,3,1,Cold,1
931,2011-03-18,2011,3,1,Cold,1
932,2011-03-19,2011,3,1,Cold,1
933,2011-03-20,2011,3,1,Cold,1
934,2011-03-21,2011,3,1,Cold,1
935,2011-03-22,2011,3,1,Cold,1
936,2011-03-23,2011,3,1,Cold,1
937,2011-03-24,2011,3,1,Cold,1
938,2011-03-25,2011,3,1,Cold,1
939,2011-03-26,2011,3,1,Cold,1
940,2011-03-27,2011,3,1,Cold,1
941,2011-03-28,2011,3,1,Cold,1
942,2011-03-29,2011,3,1,Cold,1
943,2011-03-30,2011,3,1,Cold,1
944,2011-03-31,2011,3,1,Cold,1
945,2011-04-01,2011,4,2,Cold,1
946,2011-04-02,2011,4,2,Cold,1
947,2011-04-03,2011,4,2,Cold,1
948,2011-04-04,2011,4,2,Cold,1
949,2011-04-05,2011,4,2,Cold,1
950,2011-04-06,2011,4,2,Cold,1
951,2011-04-07,2011,4,2,Cold,1
952,2011-04-08,2011,4,2,Cold,1
953,2011-04-09,2011,4,2,Cold,1
954,2011-04-10,2011,4,2,Cold,1
955,2011-04-11,2011,4,2,Cold,1
956,2011-04-12,2011,4,2,Cold,1
957,2011-04-13,2011,4,2,Cold,1
958,2011-04-14,2011,4,2,Cold,1
959,2011-04-15,2011,4,2,Cold,1
960,2011-04-16,2011,4,2,Cold,1
961,2011-04-17,2011,4,2,Cold,1
962,2011-04-18,2011,4,2,Cold,1
963,2011-04-19,2011,4,2,Cold,1
964,2011-04-20,2011,4,2,Cold,1
965,2011-04-21,2011,4,2,Cold,1
966,2011-04-22,2011,4,2,Cold,1
967,2011-04-23,2011,4,2,Cold,1
968,2011-04-24,2011,4,2,Cold,1
969,2011-04-25,2011,4,2,Cold,1
970,2011-04-26,2011,4,2,Cold,1
971,2011-04-27,2011,4,2,Cold,1
972,2011-04-28,2011,4,2,Cold,1
973,2011-04-29,2011,4,2,Cold,1
974,2011-04-30,2011,4,2,Cold,1
975,2011-05-01,2011,5,2,Warm,0
976,2011-05-02,2011,5,2,Warm,0
977,2011-05-03,2011,5,2,Warm,0
978,2011-05-04,2011,5,2,Warm,0
979,2011-05-05,2011,5,2,Warm,0
980,2011-05-06,2011,5,2,Warm,0
981,2011-05-07,2011,5,2,Warm,0
982,2011-05-08,2011,5,2,Warm,0
983,2011-05-09,2011,5,2,Warm,0
984,2011-05-10,2011,5,2,Warm,0
985,2011-05-11,2011,5,2,Warm,0
986,2011-05-12,2011,5,2,Warm,0
987,2011-05-13,2011,5,2,Warm,0
988,2011-05-14,2011,5,2,Warm,0
989,2011-05-15,2011,5,2,Warm,0
990,2011-05-16,2011,5,2,Warm,0
991,2011-05-17,2011,5,2,Warm,0
992,2011-05-18,2011,5,2,Warm,0
993,2011-05-19,2011,5,2,Warm,0
994,2011-05-20,2011,5,2,Warm,0
995,2011-05-21,2011,5,2,Warm,0
996,2011-05-22,2011,5,2,Warm,0
997,2011-05-23,2011,5,2,Warm,0
998,2011-05-24,2011,5,2,Warm,0
999,2011-05-25,2011,5,2,Warm,0
1000,2011-05-26,2011,5,2,Warm,0
1001,2011-05-27,2011,5,2,Warm,0
1002,2011-05-28,2011,5,2,Warm,0
1003,2011-05-29,2011,5,2,Warm,0
1004,2011-05-30,2011,5,2,Warm,0
1005,2011-05-31,2011,5,2,Warm,0
1006,2011-06-01,2011,6,2,Warm,0
1007,2011-06-02,2011,6,2,Warm,0
1008,2011-06-03,2011,6,2,Warm,0
1009,2011-06-04,2011,6,2,Warm,0
1010,2011-06-05,2011,6,2,Warm,0
1011,2011-06-06,2011,6,2,Warm,0
1012,2011-06-07,2011,6,2,Warm,0
1013,2011-06-08,2011,6,2,Warm,0
1014,2011-06-09,2011,6,2,Warm,0
1015,2011-06-10,2011,6,2,Warm,0
1016,2011-06-11,2011,6,2,Warm,0
1017,2011-06-12,2011,6,2,Warm,0
1018,2011-06-13,2011,6,2,Warm,0
1019,2011-06-14,2011,6,2,Warm,0
1020,2011-06-15,2011,6,2,Warm,0
1021,2011-06-16,2011,6,2,Warm,0
1022,2011-06-17,2011,6,2,Warm,0
1023,2011-06-18,2011,6,2,Warm,0
1024,2011-06-19,2011,6,2,Warm,0
1025,2011-06-20,2011,6,2,Warm,0
1026,2011-06-21,2011,6,2,Warm,0
1027,2011-06-22,2011,6,2,Warm,0
1028,2011-06-23,2011,6,2,Warm,0
1029,2011-06-24,2011,6,2,Warm,0
1030,2011-06-25,2011,6,2,Warm,0
1031,2011-06-26,2011,6,2,Warm,0
1032,2011-06-27,2011,6,2,Warm,0
1033,2011-06-28,2011,6,2,Warm,0
1034,2011-06-29,2011,6,2,Warm,0
1035,2011-06-30,2011,6,2,Warm,0
1036,2011-07-01,2011,7,3,Warm,0
1037,2011-07-02,2011,7,3,Warm,0
1038,2011-07-03,2011,7,3,Warm,0
1039,2011-07-04,2011,7,3,Warm,0
1040,2011-07-05,2011,7,3,Warm,0
1041,2011-07-06,2011,7,3,Warm,0
1042,2011-07-07,2011,7,3,Warm,0
1043,2011-07-08,2011,7,3,Warm,0
1044,2011-07-09,2011,7,3,Warm,0
1045,2011-07-10,2011,7,3,Warm,0
1046,2011-07-11,2011,7,3,Warm,0
1047,2011-07-12,2011,7,3,Warm,0
1048,2011-07-13,2011,7,3,Warm,0
1049,2011-07-14,2011,7,3,Warm,0
1050,2011-07-15,2011,7,3,Warm,0
1051,2011-07-16,2011,7,3,Warm,0
1052,2011-07-17,2011,7,3,Warm,0
1053,2011-07-18,2011,7,3,Warm,0
1054,2011-07-19,2011,7,3,Warm,0
1055,2011-07-20,2011,7,3,Warm,0
1056,2011-07-21,2011,7,3,Warm,0
1057,2011-07-22,2011,7,3,Warm,0
1058,2011-07-23,2011,7,3,Warm,0
1059,2011-07-24,2011,7,3,Warm,0
1060,2011-07-25,2011,7,3,Warm,0
1061,2011-07-26,2011,7,3,Warm,0
1062,2011-07-27,2011,7,3,Warm,0
1063,2011-07-28,2011,7,3,Warm,0
1064,2011-07-29,2011,7,3,Warm,0
1065,2011-07-30,2011,7,3,Warm,0
1066,2011-07-31,2011,7,3,Warm,0
1067,2011-08-01,2011,8,3,Warm,0
1068,2011-08-02,2011,8,3,Warm,0
1069,2011-08-03,2011,8,3,Warm,0
1070,2011-08-04,2011,8,3,Warm,0
1071,2011-08-05,2011,8,3,Warm,0
1072,2011-08-06,2011,8,3,Warm,0
1073,2011-08-07,2011,8,3,Warm,0
1074,2011-08-08,2011,8,3,Warm,0
1075,2011-08-09,2011,8,3,Warm,0
1076,2011-08-10,2011,8,3,Warm,0
1077,2011-08-11,2011,8,3,Warm,0
1078,2011-08-12,2011,8,3,Warm,0
1079,2011-08-13,2011,8,3,Warm,0
1080,2011-08-14,2011,8,3,Warm,0
1081,2011-08-15,2011,8,3,Warm,0
1082,2011-08-16,2011,8,3,Warm,0
1083,2011-08-17,2011,8,3,Warm,0
1084,2011-08-18,2011,8,3,Warm,0
1085,2011-08-19,2011,8,3,Warm,0
1086,2011-08-20,2011,8,3,Warm,0
1087,2011-08-21,2011,8,3,Warm,0
1088,2011-08-22,2011,8,3,Warm,0
1089,2011-08-23,2011,8,3,Warm,0
1090,2011-08-24,2011,8,3,Warm,0
1091,2011-08-25,2011,8,3,Warm,0
1092,2011-08-26,2011,8,3,Warm,0
1093,2011-08-27,2011,8,3,Warm,0
1094,2011-08-28,2011,8,3,Warm,0
1095,2011-08-29,2011,8,3,Warm,0
1096,2011-08-30,2011,8,3,Warm,0
1097,2011-08-31,2011,8,3,Warm,0
1098,2011-09-01,2011,9,3,Warm,0
1099,2011-09-02,2011,9,3,Warm,0
1100,2011-09-03,2011,9,3,Warm,0
1101,2011-09-04,2011,9,3,Warm,0
1102,2011-09-05,2011,9,3,Warm,0
1103,2011-09-06,2011,9,3,Warm,0
1104,2011-09-07,2011,9,3,Warm,0
1105,2011-09-08,2011,9,3,Warm,0
1106,2011-09-09,2011,9,3,Warm,0
1107,2011-09-10,2011,9,3,Warm,0
1108,2011-09-11,2011,9,3,Warm,0
1109,2011-09-12,2011,9,3,Warm,0
1110,2011-09-13,2011,9,3,Warm,0
1111,2011-09-14,2011,9,3,Warm,0
1112,2011-09-15,2011,9,3,Warm,0
1113,2011-09-16,2011,9,3,Warm,0
1114,2011-09-17,2011,9,3,Warm,0
1115,2011-09-18,2011,9,3,Warm,0
1116,2011-09-19,2011,9,3,Warm,0
1117,2011-09-20,2011,9,3,Warm,0
1118,2011-09-21,2011,9,3,Warm,0
1119,2011-09-22,2011,9,3,Warm,0
1120,2011-09-23,2011,9,3,Warm,0
1121,2011-09-24,2011,9,3,Warm,0
1122,2011-09-25,2011,9,3,Warm,0
1123,2011-09-26,2011,9,3,Warm,0
1124,2011-09-27,2011,9,3,Warm,0
1125,2011-09-28,2011,9,3,Warm,0
1126,2011-09-29,2011,9,3,Warm,0
1127,2011-09-30,2011,9,3,Warm,0
1128,2011-10-01,2011,10,4,Warm,0
1129,2011-10-02,2011,10,4,Warm,0
1130,2011-10-03,2011,10,4,Warm,0
1131,2011-10-04,2011,10,4,Warm,0
1132,2011-10-05,2011,10,4,Warm,0
1133,2011-10-06,2011,10,4,Warm,0
1134,2011-10-07,2011,10,4,Warm,0
1135,2011-10-08,2011,10,4,Warm,0
1136,2011-10-09,2011,10,4,Warm,0
1137,2011-10-10,2011,10,4,Warm,0
1138,2011-10-11,2011,10,4,Warm,0
1139,2011-10-12,2011,10,4,Warm,0
1140,2011-10-13,2011,10,4,Warm,0
1141,2011-10-14,2011,10,4,Warm,0
1142,2011-10-15,2011,10,4,Warm,0
1143,2011-10-16,2011,10,4,Warm,0
1144,2011-10-17,2011,10,4,Warm,0
1145,2011-10-18,2011,10,4,Warm,0
1146,2011-10-19,2011,10,4,Warm,0
1147,2011-10-20,2011,10,4,Warm,0
1148,2011-10-21,2011,10,4,Warm,0
1149,2011-10-22,2011,10,4,Warm,0
1150,2011-10-23,2011,10,4,Warm,0
1151,2011-10-24,2011,10,4,Warm,0
1152,2011-10-25,2011,10,4,Warm,0
1153,2011-10-26,2011,10,4,Warm,0
1154,2011-10-27,2011,10,4,Warm,0
1155,2011-10-28,2011,10,4,Warm,0
1156,2011-10-29,2011,10,4,Warm,0
1157,2011-10-30,2011,10,4,Warm,0
1158,2011-10-31,2011,10,4,Warm,0
1159,2011-11-01,2011,11,4,Warm,0
1160,2011-11-02,2011,11,4,Warm,0
1161,2011-11-03,2011,11,4,Warm,0
1162,2011-11-04,2011,11,4,Warm,0
1163,2011-11-05,2011,11,4,Warm,0
1164,2011-11-06,2011,11,4,Warm,0
1165,2011-11-07,2011,11,4,Warm,0
1166,2011-11-08,2011,11,4,Warm,0
1167,2011-11-09,2011,11,4,Warm,0
1168,2011-11-10,2011,11,4,Warm,0
1169,2011-11-11,2011,11,4,Warm,0
1170,2011-11-12,2011,11,4,Warm,0
1171,2011-11-13,2011,11,4,Warm,0
1172,2011-11-14,2011,11,4,Warm,0
1173,2011-11-15,2011,11,4,Warm,0
1174,2011-11-16,2011,11,4,Warm,0
1175,2011-11-17,2011,11,4,Warm,0
1176,2011-11-18,2011,11,4,Warm,0
1177,2011-11-19,2011,11,4,Warm,0
1178,2011-11-20,2011,11,4,Warm,0
1179,2011-11-21,2011,11,4,Warm,0
1180,2011-11-22,2011,11,4,Warm,0
1181,2011-11-23,2011,11,4,Warm,0
1182,2011-11-24,2011,11,4,Warm,0
1183,2011-11-25,2011,11,4,Warm,0
1184,2011-11-26,2011,11,4,Warm,0
1185,2011-11-27,2011,11,4,Warm,0
1186,2011-11-28,2011,11,4,Warm,0
1187,2011-11-29,2011,11,4,Warm,0
1188,2011-11-30,2011,11,4,Warm,0
1189,2011-12-01,2011,12,4,Warm,0
1190,2011-12-02,2011,12,4,Warm,0
1191,2011-12-03,2011,12,4,Warm,0
1192,2011-12-04,2011,12,4,Warm,0
1193,2011-12-05,2011,12,4,Warm,0
1194,2011-12-06,2011,12,4,Warm,0
1195,2011-12-07,2011,12,4,Warm,0
1196,2011-12-08,2011,12,4,Warm,0
1197,2011-12-09,2011,12,4,Warm,0
1198,2011-12-10,2011,12,4,Warm,0
1199,2011-12-11,2011,12,4,Warm,0
1200,2011-12-12,2011,12,4,Warm,0
1201,2011-12-13,2011,12,4,Warm,0
1202,2011-12-14,2011,12,4,Warm,0
1203,2011-12-15,2011,12,4,Warm,0
1204,2011-12-16,2011,12,4,Warm,0
1205,2011-12-17,2011,12,4,Warm,0
1206,2011-12-18,2011,12,4,Warm,0
1207,2011-12-19,2011,12,4,Warm,0
1208,2011-12-20,2011,12,4,Warm,0
1209,2011-12-21,2011,12,4,Warm,0
1210,2011-12-22,2011,12,4,Warm,0
1211,2011-12-23,2011,12,4,Warm,0
1212,2011-12-24,2011,12,4,Warm,0
1213,2011-12-25,2011,12,4,Warm,0
1214,2011-12-26,2011,12,4,Warm,0
1215,2011-12-27,2011,12,4,Warm,0
1216,2011-12-28,2011,12,4,Warm,0
1217,2011-12-29,2011,12,4,Warm,0
1218,2011-12-30,2011,12,4,Warm,0
1219,2011-12-31,2011,12,4,Warm,0
1220,2012-01-01,2012,1,1,Cold,1
1221,2012-01-02,2012,1,1,Cold,1
1222,2012-01-03,2012,1,1,Cold,1
1223,2012-01-04,2012,1,1,Cold,1
1224,2012-01-05,2012,1,1,Cold,1
1225,2012-01-06,2012,1,1,Cold,1
1226,2012-01-07,2012,1,1,Cold,1
1227,2012-01-08,2012,1,1,Cold,1
1228,2012-01-09,2012,1,1,Cold,1
1229,2012-01-10,2012,1,1,Cold,1
1230,2012-01-11,2012,1,1,Cold,1
1231,2012-01-12,2012,1,1,Cold,1
1232,2012-01-13,2012,1,1,Cold,1
1233,2012-01-14,2012,1,1,Cold,1
1234,2012-01-15,2012,1,1,Cold,1
1235,2012-01-16,2012,1,1,Cold,1
1236,2012-01-17,2012,1,1,Cold,1
1237,2012-01-18,2012,1,1,Cold,1
1238,2012-01-19,2012,1,1,Cold,1
1239,2012-01-20,2012,1,1,Cold,1
1240,2012-01-21,2012,1,1,Cold,1
1241,2012-01-22,2012,1,1,Cold,1
1242,2012-01-23,2012,1,1,Cold,1
1243,2012-01-24,2012,1,1,Cold,1
1244,2012-01-25,2012,1,1,Cold,1
1245,2012-01-26,2012,1,1,Cold,1
1246,2012-01-27,2012,1,1,Cold,1
1247,2012-01-28,2012,1,1,Cold,1
1248,2012-01-29,2012,1,1,Cold,1
1249,2012-01-30,2012,1,1,Cold,1
1250,2012-01-31,2012,1,1,Cold,1
1251,2012-02-01,2012,2,1,Cold,1
1252,2012-02-02,2012,2,1,Cold,1
1253,2012-02-03,2012,2,1,Cold,1
1254,2012-02-04,2012,2,1,Cold,1
1255,2012-02-05,2012,2,1,Cold,1
1256,2012-02-06,2012,2,1,Cold,1
1257,2012-02-07,2012,2,1,Cold,1
1258,2012-02-08,2012,2,1,Cold,1
1259,2012-02-09,2012,2,1,Cold,1
1260,2012-02-10,2012,2,1,Cold,1
1261,2012-02-11,2012,2,1,Cold,1
1262,2012-02-12,2012,2,1,Cold,1
1263,2012-02-13,2012,2,1,Cold,1
1264,2012-02-14,2012,2,1,Cold,1
1265,2012-02-15,2012,2,1,Cold,1
1266,2012-02-16,2012,2,1,Cold,1
1267,2012-02-17,2012,2,1,Cold,1
1268,2012-02-18,2012,2,1,Cold,1
1269,2012-02-19,2012,2,1,Cold,1
1270,2012-02-20,2012,2,1,Cold,1
1271,2012-02-21,2012,2,1,Cold,1
1272,2012-02-22,2012,2,1,Cold,1
1273,2012-02-23,2012,2,1,Cold,1
1274,2012-02-24,2012,2,1,Cold,1
1275,2012-02-25,2012,2,1,Cold,1
1276,2012-02-26,2012,2,1,Cold,1
1277,2012-02-27,2012,2,1,Cold,1
1278,2012-02-28,2012,2,1,Cold,1
1279,2012-02-29,2012,2,1,Cold,1
1280,2012-03-01,2012,3,1,Cold,1
1281,2012-03-02,2012,3,1,Cold,1
1282,2012-03-03,2012,3,1,Cold,1
1283,2012-03-04,2012,3,1,Cold,1
1284,2012-03-05,2012,3,1,Cold,1
1285,2012-03-06,2012,3,1,Cold,1
1286,2012-03-07,2012,3,1,Cold,1
1287,2012-03-08,2012,3,1,Cold,1
1288,2012-03-09,2012,3,1,Cold,1
1289,2012-03-10,2012,3,1,Cold,1
1290,2012-03-11,2012,3,1,Cold,1
1291,2012-03-12,2012,3,1,Cold,1
1292,2012-03-13,2012,3,1,Cold,1
1293,2012-03-14,2012,3,1,Cold,1
1294,2012-03-15,2012,3,1,Cold,1
1295,2012-03-16,2012,3,1,Cold,1
1296,2012-03-17,2012,3,1,Cold,1
1297,2012-03-18,2012,3,1,Cold,1
1298,2012-03-19,2012,3,1,Cold,1
1299,2012-03-20,2012,3,1,Cold,1
1300,2012-03-21,2012,3,1,Cold,1
1301,2012-03-22,2012,3,1,Cold,1
1302,2012-03-23,2012,3,1,Cold,1
1303,2012-03-24,2012,3,1,Cold,1
1304,2012-03-25,2012,3,1,Cold,1
1305,2012-03-26,2012,3,1,Cold,1
1306,2012-03-27,2012,3,1,Cold,1
1307,2012-03-28,2012,3,1,Cold,1
1308,2012-03-29,2012,3,1,Cold,1
1309,2012-03-30,2012,3,1,Cold,1
1310,2012-03-31,2012,3,1,Cold,1
1311,2012-04-01,2012,4,2,Cold,1
1312,2012-04-02,2012,4,2,Cold,1
1313,2012-04-03,2012,4,2,Cold,1
1314,2012-04-04,2012,4,2,Cold,1
1315,2012-04-05,2012,4,2,Cold,1
1316,2012-04-06,2012,4,2,Cold,1
1317,2012-04-07,2012,4,2,Cold,1
1318,2012-04-08,2012,4,2,Cold,1
1319,2012-04-09,2012,4,2,Cold,1
1320,2012-04-10,2012,4,2,Cold,1
1321,2012-04-11,2012,4,2,Cold,1
1322,2012-04-12,2012,4,2,Cold,1
1323,2012-04-13,2012,4,2,Cold,1
1324,2012-04-14,2012,4,2,Cold,1
1325,2012-04-15,2012,4,2,Cold,1
1326,2012-04-16,2012,4,2,Cold,1
1327,2012-04-17,2012,4,2,Cold,1
1328,2012-04-18,2012,4,2,Cold,1
1329,2012-04-19,2012,4,2,Cold,1
1330,2012-04-20,2012,4,2,Cold,1
1331,2012-04-21,2012,4,2,Cold,1
1332,2012-04-22,2012,4,2,Cold,1
1333,2012-04-23,2012,4,2,Cold,1
1334,2012-04-24,2012,4,2,Cold,1
1335,2012-04-25,2012,4,2,Cold,1
1336,2012-04-26,2012,4,2,Cold,1
1337,2012-04-27,2012,4,2,Cold,1
1338,2012-04-28,2012,4,2,Cold,1
1339,2012-04-29,2012,4,2,Cold,1
1340,2012-04-30,2012,4,2,Cold,1
1341,2012-05-01,2012,5,2,Warm,0
1342,2012-05-02,2012,5,2,Warm,0
1343,2012-05-03,2012,5,2,Warm,0
1344,2012-05-04,2012,5,2,Warm,0
1345,2012-05-05,2012,5,2,Warm,0
1346,2012-05-06,2012,5,2,Warm,0
1347,2012-05-07,2012,5,2,Warm,0
1348,2012-05-08,2012,5,2,Warm,0
1349,2012-05-09,2012,5,2,Warm,0
1350,2012-05-10,2012,5,2,Warm,0
1351,2012-05-11,2012,5,2,Warm,0
1352,2012-05-12,2012,5,2,Warm,0
1353,2012-05-13,2012,5,2,Warm,0
1354,2012-05-14,2012,5,2,Warm,0
1355,2012-05-15,2012,5,2,Warm,0
1356,2012-05-16,2012,5,2,Warm,0
1357,2012-05-17,2012,5,2,Warm,0
1358,2012-05-18,2012,5,2,Warm,0
1359,2012-05-19,2012,5,2,Warm,0
1360,2012-05-20,2012,5,2,Warm,0
1361,2012-05-21,2012,5,2,Warm,0
1362,2012-05-22,2012,5,2,Warm,0
1363,2012-05-23,2012,5,2,Warm,0
1364,2012-05-24,2012,5,2,Warm,0
1365,2012-05-25,2012,5,2,Warm,0
1366,2012-05-26,2012,5,2,Warm,0
1367,2012-05-27,2012,5,2,Warm,0
1368,2012-05-28,2012,5,2,Warm,0
1369,2012-05-29,2012,5,2,Warm,0
1370,2012-05-30,2012,5,2,Warm,0
1371,2012-05-31,2012,5,2,Warm,0
1372,2012-06-01,2012,6,2,Warm,0
1373,2012-06-02,2012,6,2,Warm,0
1374,2012-06-03,2012,6,2,Warm,0
1375,2012-06-04,2012,6,2,Warm,0
1376,2012-06-05,2012,6,2,Warm,0
1377,2012-06-06,2012,6,2,Warm,0
1378,2012-06-07,2012,6,2,Warm,0
1379,2012-06-08,2012,6,2,Warm,0
1380,2012-06-09,2012,6,2,Warm,0
1381,2012-06-10,2012,6,2,Warm,0
1382,2012-06-11,2012,6,2,Warm,0
1383,2012-06-12,2012,6,2,Warm,0
1384,2012-06-13,2012,6,2,Warm,0
1385,2012-06-14,2012,6,2,Warm,0
1386,2012-06-15,2012,6,2,Warm,0
1387,2012-06-16,2012,6,2,Warm,0
1388,2012-06-17,2012,6,2,Warm,0
1389,2012-06-18,2012,6,2,Warm,0
1390,2012-06-19,2012,6,2,Warm,0
1391,2012-06-20,2012,6,2,Warm,0
1392,2012-06-21,2012,6,2,Warm,0
1393,2012-06-22,2012,6,2,Warm,0
1394,2012-06-23,2012,6,2,Warm,0
1395,2012-06-24,2012,6,2,Warm,0
1396,2012-06-25,2012,6,2,Warm,0
1397,2012-06-26,2012,6,2,Warm,0
1398,2012-06-27,2012,6,2,Warm,0
1399,2012-06-28,2012,6,2,Warm,0
1400,2012-06-29,2012,6,2,Warm,0
1401,2012-06-30,2012,6,2,Warm,0
1402,2012-07-01,2012,7,3,Warm,0
1403,2012-07-02,2012,7,3,Warm,0
1404,2012-07-03,2012,7,3,Warm,0
1405,2012-07-04,2012,7,3,Warm,0
1406,2012-07-05,2012,7,3,Warm,0
1407,2012-07-06,2012,7,3,Warm,0
1408,2012-07-07,2012,7,3,Warm,0
1409,2012-07-08,2012,7,3,Warm,0
1410,2012-07-09,2012,7,3,Warm,0
1411,2012-07-10,2012,7,3,Warm,0
1412,2012-07-11,2012,7,3,Warm,0
1413,2012-07-12,2012,7,3,Warm,0
1414,2012-07-13,2012,7,3,Warm,0
1415,2012-07-14,2012,7,3,Warm,0
1416,2012-07-15,2012,7,3,Warm,0
1417,2012-07-16,2012,7,3,Warm,0
1418,2012-07-17,2012,7,3,Warm,0
1419,2012-07-18,2012,7,3,Warm,0
1420,2012-07-19,2012,7,3,Warm,0
1421,2012-07-20,2012,7,3,Warm,0
1422,2012-07-21,2012,7,3,Warm,0
1423,2012-07-22,2012,7,3,Warm,0
1424,2012-07-23,2012,7,3,Warm,0
1425,2012-07-24,2012,7,3,Warm,0
1426,2012-07-25,2012,7,3,Warm,0
1427,2012-07-26,2012,7,3,Warm,0
1428,2012-07-27,2012,7,3,Warm,0
1429,2012-07-28,2012,7,3,Warm,0
1430,2012-07-29,2012,7,3,Warm,0
1431,2012-07-30,2012,7,3,Warm,0
1432,2012-07-31,2012,7,3,Warm,0
1433,2012-08-01,2012,8,3,Warm,0
1434,2012-08-02,2012,8,3,Warm,0
1435,2012-08-03,2012,8,3,Warm,0
1436,2012-08-04,2012,8,3,Warm,0
1437,2012-08-05,2012,8,3,Warm,0
1438,2012-08-06,2012,8,3,Warm,0
1439,2012-08-07,2012,8,3,Warm,0
1440,2012-08-08,2012,8,3,Warm,0
1441,2012-08-09,2012,8,3,Warm,0
1442,2012-08-10,2012,8,3,Warm,0
1443,2012-08-11,2012,8,3,Warm,0
1444,2012-08-12,2012,8,3,Warm,0
1445,2012-08-13,2012,8,3,Warm,0
1446,2012-08-14,2012,8,3,Warm,0
1447,2012-08-15,2012,8,3,Warm,0
1448,2012-08-16,2012,8,3,Warm,0
1449,2012-08-17,2012,8,3,Warm,0
1450,2012-08-18,2012,8,3,Warm,0
1451,2012-08-19,2012,8,3,Warm,0
1452,2012-08-20,2012,8,3,Warm,0
1453,2012-08-21,2012,8,3,Warm,0
1454,2012-08-22,2012,8,3,Warm,0
1455,2012-08-23,2012,8,3,Warm,0
1456,2012-08-24,2012,8,3,Warm,0
1457,2012-08-25,2012,8,3,Warm,0
1458,2012-08-26,2012,8,3,Warm,0
1459,2012-08-27,2012,8,3,Warm,0
1460,2012-08-28,2012,8,3,Warm,0
1461,2012-08-29,2012,8,3,Warm,0
1462,2012-08-30,2012,8,3,Warm,0
1463,2012-08-31,2012,8,3,Warm,0
1464,2012-09-01,2012,9,3,Warm,0
1465,2012-09-02,2012,9,3,Warm,0
1466,2012-09-03,2012,9,3,Warm,0
1467,2012-09-04,2012,9,3,Warm,0
1468,2012-09-05,2012,9,3,Warm,0
1469,2012-09-06,2012,9,3,Warm,0
1470,2012-09-07,2012,9,3,Warm,0
1471,2012-09-08,2012,9,3,Warm,0
1472,2012-09-09,2012,9,3,Warm,0
1473,2012-09-10,2012,9,3,Warm,0
1474,2012-09-11,2012,9,3,Warm,0
1475,2012-09-12,2012,9,3,Warm,0
1476,2012-09-13,2012,9,3,Warm,0
1477,2012-09-14,2012,9,3,Warm,0
1478,2012-09-15,2012,9,3,Warm,0
1479,2012-09-16,2012,9,3,Warm,0
1480,2012-09-17,2012,9,3,Warm,0
1481,2012-09-18,2012,9,3,Warm,0
1482,2012-09-19,2012,9,3,Warm,0
1483,2012-09-20,2012,9,3,Warm,0
1484,2012-09-21,2012,9,3,Warm,0
1485,2012-09-22,2012,9,3,Warm,0
1486,2012-09-23,2012,9,3,Warm,0
1487,2012-09-24,2012,9,3,Warm,0
1488,2012-09-25,2012,9,3,Warm,0
1489,2012-09-26,2012,9,3,Warm,0
1490,2012-09-27,2012,9,3,Warm,0
1491,2012-09-28,2012,9,3,Warm,0
1492,2012-09-29,2012,9,3,Warm,0
1493,2012-09-30,2012,9,3,Warm,0
1494,2012-10-01,2012,10,4,Warm,0
1495,2012-10-02,2012,10,4,Warm,0
1496,2012-10-03,2012,10,4,Warm,0
1497,2012-10-04,2012,10,4,Warm,0
1498,2012-10-05,2012,10,4,Warm,0
1499,2012-10-06,2012,10,4,Warm,0
1500,2012-10-07,2012,10,4,Warm,0
1501,2012-10-08,2012,10,4,Warm,0
1502,2012-10-09,2012,10,4,Warm,0
1503,2012-10-10,2012,10,4,Warm,0
1504,2012-10-11,2012,10,4,Warm,0
1505,2012-10-12,2012,10,4,Warm,0
1506,2012-10-13,2012,10,4,Warm,0
1507,2012-10-14,2012,10,4,Warm,0
1508,2012-10-15,2012,10,4,Warm,0
1509,2012-10-16,2012,10,4,Warm,0
1510,2012-10-17,2012,10,4,Warm,0
1511,2012-10-18,2012,10,4,Warm,0
1512,2012-10-19,2012,10,4,Warm,0
1513,2012-10-20,2012,10,4,Warm,0
1514,2012-10-21,2012,10,4,Warm,0
1515,2012-10-22,2012,10,4,Warm,0
1516,2012-10-23,2012,10,4,Warm,0
1517,2012-10-24,2012,10,4,Warm,0
1518,2012-10-25,2012,10,4,Warm,0
1519,2012-10-26,2012,10,4,Warm,0
1520,2012-10-27,2012,10,4,Warm,0
1521,2012-10-28,2012,10,4,Warm,0
1522,2012-10-29,2012,10,4,Warm,0
1523,2012-10-30,2012,10,4,Warm,0
1524,2012-10-31,2012,10,4,Warm,0
1525,2012-11-01,2012,11,4,Warm,0
1526,2012-11-02,2012,11,4,Warm,0
1527,2012-11-03,2012,11,4,Warm,0
1528,2012-11-04,2012,11,4,Warm,0
1529,2012-11-05,2012,11,4,Warm,0
1530,2012-11-06,2012,11,4,Warm,0
1531,2012-11-07,2012,11,4,Warm,0
1532,2012-11-08,2012,11,4,Warm,0
1533,2012-11-09,2012,11,4,Warm,0
1534,2012-11-10,2012,11,4,Warm,0
1535,2012-11-11,2012,11,4,Warm,0
1536,2012-11-12,2012,11,4,Warm,0
1537,2012-11-13,2012,11,4,Warm,0
1538,2012-11-14,2012,11,4,Warm,0
1539,2012-11-15,2012,11,4,Warm,0
1540,2012-11-16,2012,11,4,Warm,0
1541,2012-11-17,2012,11,4,Warm,0
1542,2012-11-18,2012,11,4,Warm,0
1543,2012-11-19,2012,11,4,Warm,0
1544,2012-11-20,2012,11,4,Warm,0
1545,2012-11-21,2012,11,4,Warm,0
1546,2012-11-22,2012,11,4,Warm,0
1547,2012-11-23,2012,11,4,Warm,0
1548,2012-11-24,2012,11,4,Warm,0
1549,2012-11-25,2012,11,4,Warm,0
1550,2012-11-26,2012,11,4,Warm,0
1551,2012-11-27,2012,11,4,Warm,0
1552,2012-11-28,2012,11,4,Warm,0
1553,2012-11-29,2012,11,4,Warm,0
1554,2012-11-30,2012,11,4,Warm,0
1555,2012-12-01,2012,12,4,Warm,0
1556,2012-12-02,2012,12,4,Warm,0
1557,2012-12-03,2012,12,4,Warm,0
1558,2012-12-04,2012,12,4,Warm,0
1559,2012-12-05,2012,12,4,Warm,0
1560,2012-12-06,2012,12,4,Warm,0
1561,2012-12-07,2012,12,4,Warm,0
1562,2012-12-08,2012,12,4,Warm,0
1563,2012-12-09,2012,12,4,Warm,0
1564,2012-12-10,2012,12,4,Warm,0
1565,2012-12-11,2012,12,4,Warm,0
1566,2012-12-12,2012,12,4,Warm,0
1567,2012-12-13,2012,12,4,Warm,0
1568,2012-12-14,2012,12,4,Warm,0
1569,2012-12-15,2012,12,4,Warm,0
1570,2012-12-16,2012,12,4,Warm,0
1571,2012-12-17,2012,12,4,Warm,0
1572,2012-12-18,2012,12,4,Warm,0
1573,2012-12-19,2012,12,4,Warm,0
1574,2012-12-20,2012,12,4,Warm,0
1575,2012-12-21,2012,12,4,Warm,0
1576,2012-12-22,2012,12,4,Warm,0
1577,2012-12-23,2012,12,4,Warm,0
1578,2012-12-24,2012,12,4,Warm,0
1579,2012-12-25,2012,12,4,Warm,0
1580,2012-12-26,2012,12,4,Warm,0
1581,2012-12-27,2012,12,4,Warm,0
1582,2012-12-28,2012,12,4,Warm,0
1583,2012-12-29,2012,12,4,Warm,0
1584,2012-12-30,2012,12,4,Warm,0
1585,2012-12-31,2012,12,4,Warm,0
1586,2013-01-01,2013,1,1,Cold,1
1587,2013-01-02,2013,1,1,Cold,1
1588,2013-01-03,2013,1,1,Cold,1
1589,2013-01-04,2013,1,1,Cold,1
1590,2013-01-05,2013,1,1,Cold,1
1591,2013-01-06,2013,1,1,Cold,1
1592,2013-01-07,2013,1,1,Cold,1
1593,2013-01-08,2013,1,1,Cold,1
1594,2013-01-09,2013,1,1,Cold,1
1595,2013-01-10,2013,1,1,Cold,1
1596,2013-01-11,2013,1,1,Cold,1
1597,2013-01-12,2013,1,1,Cold,1
1598,2013-01-13,2013,1,1,Cold,1
1599,2013-01-14,2013,1,1,Cold,1
1600,2013-01-15,2013,1,1,Cold,1
1601,2013-01-16,2013,1,1,Cold,1
1602,2013-01-17,2013,1,1,Cold,1
1603,2013-01-18,2013,1,1,Cold,1
1604,2013-01-19,2013,1,1,Cold,1
1605,2013-01-20,2013,1,1,Cold,1
1606,2013-01-21,2013,1,1,Cold,1
1607,2013-01-22,2013,1,1,Cold,1
1608,2013-01-23,2013,1,1,Cold,1
1609,2013-01-24,2013,1,1,Cold,1
1610,2013-01-25,2013,1,1,Cold,1
1611,2013-01-26,2013,1,1,Cold,1
1612,2013-01-27,2013,1,1,Cold,1
1613,2013-01-28,2013,1,1,Cold,1
1614,2013-01-29,2013,1,1,Cold,1
1615,2013-01-30,2013,1,1,Cold,1
1616,2013-01-31,2013,1,1,Cold,1
1617,2013-02-01,2013,2,1,Cold,1
1618,2013-02-02,2013,2,1,Cold,1
1619,2013-02-03,2013,2,1,Cold,1
1620,2013-02-04,2013,2,1,Cold,1
1621,2013-02-05,2013,2,1,Cold,1
1622,2013-02-06,2013,2,1,Cold,1
1623,2013-02-07,2013,2,1,Cold,1
1624,2013-02-08,2013,2,1,Cold,1
1625,2013-02-09,2013,2,1,Cold,1
1626,2013-02-10,2013,2,1,Cold,1
1627,2013-02-11,2013,2,1,Cold,1
1628,2013-02-12,2013,2,1,Cold,1
1629,2013-02-13,2013,2,1,Cold,1
1630,2013-02-14,2013,2,1,Cold,1
1631,2013-02-15,2013,2,1,Cold,1
1632,2013-02-16,2013,2,1,Cold,1
1633,2013-02-17,2013,2,1,Cold,1
1634,2013-02-18,2013,2,1,Cold,1
1635,2013-02-19,2013,2,1,Cold,1
1636,2013-02-20,2013,2,1,Cold,1
1637,2013-02-21,2013,2,1,Cold,1
1638,2013-02-22,2013,2,1,Cold,1
1639,2013-02-23,2013,2,1,Cold,1
1640,2013-02-24,2013,2,1,Cold,1
1641,2013-02-25,2013,2,1,Cold,1
1642,2013-02-26,2013,2,1,Cold,1
1643,2013-02-27,2013,2,1,Cold,1
1644,2013-02-28,2013,2,1,Cold,1
1645,2013-03-01,2013,3,1,Cold,1
1646,2013-03-02,2013,3,1,Cold,1
1647,2013-03-03,2013,3,1,Cold,1
1648,2013-03-04,2013,3,1,Cold,1
1649,2013-03-05,2013,3,1,Cold,1
1650,2013-03-06,2013,3,1,Cold,1
1651,2013-03-07,2013,3,1,Cold,1
1652,2013-03-08,2013,3,1,Cold,1
1653,2013-03-09,2013,3,1,Cold,1
1654,2013-03-10,2013,3,1,Cold,1
1655,2013-03-11,2013,3,1,Cold,1
1656,2013-03-12,2013,3,1,Cold,1
1657,2013-03-13,2013,3,1,Cold,1
1658,2013-03-14,2013,3,1,Cold,1
1659,2013-03-15,2013,3,1,Cold,1
1660,2013-03-16,2013,3,1,Cold,1
1661,2013-03-17,2013,3,1,Cold,1
1662,2013-03-18,2013,3,1,Cold,1
1663,2013-03-19,2013,3,1,Cold,1
1664,2013-03-20,2013,3,1,Cold,1
1665,2013-03-21,2013,3,1,Cold,1
1666,2013-03-22,2013,3,1,Cold,1
1667,2013-03-23,2013,3,1,Cold,1
1668,2013-03-24,2013,3,1,Cold,1
1669,2013-03-25,2013,3,1,Cold,1
1670,2013-03-26,2013,3,1,Cold,1
1671,2013-03-27,2013,3,1,Cold,1
1672,2013-03-28,2013,3,1,Cold,1
1673,2013-03-29,2013,3,1,Cold,1
1674,2013-03-30,2013,3,1,Cold,1
1675,2013-03-31,2013,3,1,Cold,1
1676,2013-04-01,2013,4,2,Cold,1
1677,2013-04-02,2013,4,2,Cold,1
1678,2013-04-03,2013,4,2,Cold,1
1679,2013-04-04,2013,4,2,Cold,1
1680,2013-04-05,2013,4,2,Cold,1
1681,2013-04-06,2013,4,2,Cold,1
1682,2013-04-07,2013,4,2,Cold,1
1683,2013-04-08,2013,4,2,Cold,1
1684,2013-04-09,2013,4,2,Cold,1
1685,2013-04-10,2013,4,2,Cold,1
1686,2013-04-11,2013,4,2,Cold,1
1687,2013-04-12,2013,4,2,Cold,1
1688,2013-04-13,2013,4,2,Cold,1
1689,2013-04-14,2013,4,2,Cold,1
1690,2013-04-15,2013,4,2,Cold,1
1691,2013-04-16,2013,4,2,Cold,1
1692,2013-04-17,2013,4,2,Cold,1
1693,2013-04-18,2013,4,2,Cold,1
1694,2013-04-19,2013,4,2,Cold,1
1695,2013-04-20,2013,4,2,Cold,1
1696,2013-04-21,2013,4,2,Cold,1
1697,2013-04-22,2013,4,2,Cold,1
1698,2013-04-23,2013,4,2,Cold,1
1699,2013-04-24,2013,4,2,Cold,1
1700,2013-04-25,2013,4,2,Cold,1
1701,2013-04-26,2013,4,2,Cold,1
1702,2013-04-27,2013,4,2,Cold,1
1703,2013-04-28,2013,4,2,Cold,1
1704,2013-04-29,2013,4,2,Cold,1
1705,2013-04-30,2013,4,2,Cold,1
1706,2013-05-01,2013,5,2,Warm,0
1707,2013-05-02,2013,5,2,Warm,0
1708,2013-05-03,2013,5,2,Warm,0
1709,2013-05-04,2013,5,2,Warm,0
1710,2013-05-05,2013,5,2,Warm,0
1711,2013-05-06,2013,5,2,Warm,0
1712,2013-05-07,2013,5,2,Warm,0
1713,2013-05-08,2013,5,2,Warm,0
1714,2013-05-09,2013,5,2,Warm,0
1715,2013-05-10,2013,5,2,Warm,0
1716,2013-05-11,2013,5,2,Warm,0
1717,2013-05-12,2013,5,2,Warm,0
1718,2013-05-13,2013,5,2,Warm,0
1719,2013-05-14,2013,5,2,Warm,0
1720,2013-05-15,2013,5,2,Warm,0
1721,2013-05-16,2013,5,2,Warm,0
1722,2013-05-17,2013,5,2,Warm,0
1723,2013-05-18,2013,5,2,Warm,0
1724,2013-05-19,2013,5,2,Warm,0
1725,2013-05-20,2013,5,2,Warm,0
1726,2013-05-21,2013,5,2,Warm,0
1727,2013-05-22,2013,5,2,Warm,0
1728,2013-05-23,2013,5,2,Warm,0
1729,2013-05-24,2013,5,2,Warm,0
1730,2013-05-25,2013,5,2,Warm,0
1731,2013-05-26,2013,5,2,Warm,0
1732,2013-05-27,2013,5,2,Warm,0
1733,2013-05-28,2013,5,2,Warm,0
1734,2013-05-29,2013,5,2,Warm,0
1735,2013-05-30,2013,5,2,Warm,0
1736,2013-05-31,2013,5,2,Warm,0
1737,2013-06-01,2013,6,2,Warm,0
1738,2013-06-02,2013,6,2,Warm,0
1739,2013-06-03,2013,6,2,Warm,0
1740,2013-06-04,2013,6,2,Warm,0
1741,2013-06-05,2013,6,2,Warm,0
1742,2013-06-06,2013,6,2,Warm,0
1743,2013-06-07,2013,6,2,Warm,0
1744,2013-06-08,2013,6,2,Warm,0
1745,2013-06-09,2013,6,2,Warm,0
1746,2013-06-10,2013,6,2,Warm,0
1747,2013-06-11,2013,6,2,Warm,0
1748,2013-06-12,2013,6,2,Warm,0
1749,2013-06-13,2013,6,2,Warm,0
1750,2013-06-14,2013,6,2,Warm,0
1751,2013-06-15,2013,6,2,Warm,0
1752,2013-06-16,2013,6,2,Warm,0
1753,2013-06-17,2013,6,2,Warm,0
1754,2013-06-18,2013,6,2,Warm,0
1755,2013-06-19,2013,6,2,Warm,0
1756,2013-06-20,2013,6,2,Warm,0
1757,2013-06-21,2013,6,2,Warm,0
1758,2013-06-22,2013,6,2,Warm,0
1759,2013-06-23,2013,6,2,Warm,0
1760,2013-06-24,2013,6,2,Warm,0
1761,2013-06-25,2013,6,2,Warm,0
1762,2013-06-26,2013,6,2,Warm,0
1763,2013-06-27,2013,6,2,Warm,0
1764,2013-06-28,2013,6,2,Warm,0
1765,2013-06-29,2013,6,2,Warm,0
1766,2013-06-30,2013,6,2,Warm,0
1767,2013-07-01,2013,7,3,Warm,0
1768,2013-07-02,2013,7,3,Warm,0
1769,2013-07-03,2013,7,3,Warm,0
1770,2013-07-04,2013,7,3,Warm,0
1771,2013-07-05,2013,7,3,Warm,0
1772,2013-07-06,2013,7,3,Warm,0
1773,2013-07-07,2013,7,3,Warm,0
1774,2013-07-08,2013,7,3,Warm,0
1775,2013-07-09,2013,7,3,Warm,0
1776,2013-07-10,2013,7,3,Warm,0
1777,2013-07-11,2013,7,3,Warm,0
1778,2013-07-12,2013,7,3,Warm,0
1779,2013-07-13,2013,7,3,Warm,0
1780,2013-07-14,2013,7,3,Warm,0
1781,2013-07-15,2013,7,3,Warm,0
1782,2013-07-16,2013,7,3,Warm,0
1783,2013-07-17,2013,7,3,Warm,0
1784,2013-07-18,2013,7,3,Warm,0
1785,2013-07-19,2013,7,3,Warm,0
1786,2013-07-20,2013,7,3,Warm,0
1787,2013-07-21,2013,7,3,Warm,0
1788,2013-07-22,2013,7,3,Warm,0
1789,2013-07-23,2013,7,3,Warm,0
1790,2013-07-24,2013,7,3,Warm,0
1791,2013-07-25,2013,7,3,Warm,0
1792,2013-07-26,2013,7,3,Warm,0
1793,2013-07-27,2013,7,3,Warm,0
1794,2013-07-28,2013,7,3,Warm,0
1795,2013-07-29,2013,7,3,Warm,0
1796,2013-07-30,2013,7,3,Warm,0
1797,2013-07-31,2013,7,3,Warm,0
1798,2013-08-01,2013,8,3,Warm,0
1799,2013-08-02,2013,8,3,Warm,0
1800,2013-08-03,2013,8,3,Warm,0
1801,2013-08-04,2013,8,3,Warm,0
1802,2013-08-05,2013,8,3,Warm,0
1803,2013-08-06,2013,8,3,Warm,0
1804,2013-08-07,2013,8,3,Warm,0
1805,2013-08-08,2013,8,3,Warm,0
1806,2013-08-09,2013,8,3,Warm,0
1807,2013-08-10,2013,8,3,Warm,0
1808,2013-08-11,2013,8,3,Warm,0
1809,2013-08-12,2013,8,3,Warm,0
1810,2013-08-13,2013,8,3,Warm,0
1811,2013-08-14,2013,8,3,Warm,0
1812,2013-08-15,2013,8,3,Warm,0
1813,2013-08-16,2013,8,3,Warm,0
1814,2013-08-17,2013,8,3,Warm,0
1815,2013-08-18,2013,8,3,Warm,0
1816,2013-08-19,2013,8,3,Warm,0
1817,2013-08-20,2013,8,3,Warm,0
1818,2013-08-21,2013,8,3,Warm,0
1819,2013-08-22,2013,8,3,Warm,0
1820,2013-08-23,2013,8,3,Warm,0
1821,2013-08-24,2013,8,3,Warm,0
1822,2013-08-25,2013,8,3,Warm,0
1823,2013-08-26,2013,8,3,Warm,0
1824,2013-08-27,2013,8,3,Warm,0
1825,2013-08-28,2013,8,3,Warm,0
1826,2013-08-29,2013,8,3,Warm,0
1827,2013-08-30,2013,8,3,Warm,0
1828,2013-08-31,2013,8,3,Warm,0
1829,2013-09-01,2013,9,3,Warm,0
1830,2013-09-02,2013,9,3,Warm,0
1831,2013-09-03,2013,9,3,Warm,0
1832,2013-09-04,2013,9,3,Warm,0
1833,2013-09-05,2013,9,3,Warm,0
1834,2013-09-06,2013,9,3,Warm,0
1835,2013-09-07,2013,9,3,Warm,0
1836,2013-09-08,2013,9,3,Warm,0
1837,2013-09-09,2013,9,3,Warm,0
1838,2013-09-10,2013,9,3,Warm,0
1839,2013-09-11,2013,9,3,Warm,0
1840,2013-09-12,2013,9,3,Warm,0
1841,2013-09-13,2013,9,3,Warm,0
1842,2013-09-14,2013,9,3,Warm,0
1843,2013-09-15,2013,9,3,Warm,0
1844,2013-09-16,2013,9,3,Warm,0
1845,2013-09-17,2013,9,3,Warm,0
1846,2013-09-18,2013,9,3,Warm,0
1847,2013-09-19,2013,9,3,Warm,0
1848,2013-09-20,2013,9,3,Warm,0
1849,2013-09-21,2013,9,3,Warm,0
1850,2013-09-22,2013,9,3,Warm,0
1851,2013-09-23,2013,9,3,Warm,0
1852,2013-09-24,2013,9,3,Warm,0
1853,2013-09-25,2013,9,3,Warm,0
1854,2013-09-26,2013,9,3,Warm,0
1855,2013-09-27,2013,9,3,Warm,0
1856,2013-09-28,2013,9,3,Warm,0
1857,2013-09-29,2013,9,3,Warm,0
1858,2013-09-30,2013,9,3,Warm,0
1859,2013-10-01,2013,10,4,Warm,0
1860,2013-10-02,2013,10,4,Warm,0
1861,2013-10-03,2013,10,4,Warm,0
1862,2013-10-04,2013,10,4,Warm,0
1863,2013-10-05,2013,10,4,Warm,0
1864,2013-10-06,2013,10,4,Warm,0
1865,2013-10-07,2013,10,4,Warm,0
1866,2013-10-08,2013,10,4,Warm,0
1867,2013-10-09,2013,10,4,Warm,0
1868,2013-10-10,2013,10,4,Warm,0
1869,2013-10-11,2013,10,4,Warm,0
1870,2013-10-12,2013,10,4,Warm,0
1871,2013-10-13,2013,10,4,Warm,0
1872,2013-10-14,2013,10,4,Warm,0
1873,2013-10-15,2013,10,4,Warm,0
1874,2013-10-16,2013,10,4,Warm,0
1875,2013-10-17,2013,10,4,Warm,0
1876,2013-10-18,2013,10,4,Warm,0
1877,2013-10-19,2013,10,4,Warm,0
1878,2013-10-20,2013,10,4,Warm,0
1879,2013-10-21,2013,10,4,Warm,0
1880,2013-10-22,2013,10,4,Warm,0
1881,2013-10-23,2013,10,4,Warm,0
1882,2013-10-24,2013,10,4,Warm,0
1883,2013-10-25,2013,10,4,Warm,0
1884,2013-10-26,2013,10,4,Warm,0
1885,2013-10-27,2013,10,4,Warm,0
1886,2013-10-28,2013,10,4,Warm,0
1887,2013-10-29,2013,10,4,Warm,0
1888,2013-10-30,2013,10,4,Warm,0
1889,2013-10-31,2013,10,4,Warm,0
1890,2013-11-01,2013,11,4,Warm,0
1891,2013-11-02,2013,11,4,Warm,0
1892,2013-11-03,2013,11,4,Warm,0
1893,2013-11-04,2013,11,4,Warm,0
1894,2013-11-05,2013,11,4,Warm,0
1895,2013-11-06,2013,11,4,Warm,0
1896,2013-11-07,2013,11,4,Warm,0
1897,2013-11-08,2013,11,4,Warm,0
1898,2013-11-09,2013,11,4,Warm,0
1899,2013-11-10,2013,11,4,Warm,0
1900,2013-11-11,2013,11,4,Warm,0
1901,2013-11-12,2013,11,4,Warm,0
1902,2013-11-13,2013,11,4,Warm,0
1903,2013-11-14,2013,11,4,Warm,0
1904,2013-11-15,2013,11,4,Warm,0
1905,2013-11-16,2013,11,4,Warm,0
1906,2013-11-17,2013,11,4,Warm,0
1907,2013-11-18,2013,11,4,Warm,0
1908,2013-11-19,2013,11,4,Warm,0
1909,2013-11-20,2013,11,4,Warm,0
1910,2013-11-21,2013,11,4,Warm,0
1911,2013-11-22,2013,11,4,Warm,0
1912,2013-11-23,2013,11,4,Warm,0
1913,2013-11-24,2013,11,4,Warm,0
1914,2013-11-25,2013,11,4,Warm,0
1915,2013-11-26,2013,11,4,Warm,0
1916,2013-11-27,2013,11,4,Warm,0
1917,2013-11-28,2013,11,4,Warm,0
1918,2013-11-29,2013,11,4,Warm,0
1919,2013-11-30,2013,11,4,Warm,0
1920,2013-12-01,2013,12,4,Warm,0
1921,2013-12-02,2013,12,4,Warm,0
1922,2013-12-03,2013,12,4,Warm,0
1923,2013-12-04,2013,12,4,Warm,0
1924,2013-12-05,2013,12,4,Warm,0
1925,2013-12-06,2013,12,4,Warm,0
1926,2013-12-07,2013,12,4,Warm,0
1927,2013-12-08,2013,12,4,Warm,0
1928,2013-12-09,2013,12,4,Warm,0
1929,2013-12-10,2013,12,4,Warm,0
1930,2013-12-11,2013,12,4,Warm,0
1931,2013-12-12,2013,12,4,Warm,0
1932,2013-12-13,2013,12,4,Warm,0
1933,2013-12-14,2013,12,4,Warm,0
1934,2013-12-15,2013,12,4,Warm,0
1935,2013-12-16,2013,12,4,Warm,0
1936,2013-12-17,2013,12,4,Warm,0
1937,2013-12-18,2013,12,4,Warm,0
1938,2013-12-19,2013,12,4,Warm,0
1939,2013-12-20,2013,12,4,Warm,0
1940,2013-12-21,2013,12,4,Warm,0
1941,2013-12-22,2013,12,4,Warm,0
1942,2013-12-23,2013,12,4,Warm,0
1943,2013-12-24,2013,12,4,Warm,0
1944,2013-12-25,2013,12,4,Warm,0
1945,2013-12-26,2013,12,4,Warm,0
1946,2013-12-27,2013,12,4,Warm,0
1947,2013-12-28,2013,12,4,Warm,0
1948,2013-12-29,2013,12,4,Warm,0
1949,2013-12-30,2013,12,4,Warm,0
1950,2013-12-31,2013,12,4,Warm,0
1951,2014-01-01,2014,1,1,Cold,1
1952,2014-01-02,2014,1,1,Cold,1
1953,2014-01-03,2014,1,1,Cold,1
1954,2014-01-04,2014,1,1,Cold,1
1955,2014-01-05,2014,1,1,Cold,1
1956,2014-01-06,2014,1,1,Cold,1
1957,2014-01-07,2014,1,1,Cold,1
1958,2014-01-08,2014,1,1,Cold,1
1959,2014-01-09,2014,1,1,Cold,1
1960,2014-01-10,2014,1,1,Cold,1
1961,2014-01-11,2014,1,1,Cold,1
1962,2014-01-12,2014,1,1,Cold,1
1963,2014-01-13,2014,1,1,Cold,1
1964,2014-01-14,2014,1,1,Cold,1
1965,2014-01-15,2014,1,1,Cold,1
1966,2014-01-16,2014,1,1,Cold,1
1967,2014-01-17,2014,1,1,Cold,1
1968,2014-01-18,2014,1,1,Cold,1
1969,2014-01-19,2014,1,1,Cold,1
1970,2014-01-20,2014,1,1,Cold,1
1971,2014-01-21,2014,1,1,Cold,1
1972,2014-01-22,2014,1,1,Cold,1
1973,2014-01-23,2014,1,1,Cold,1
1974,2014-01-24,2014,1,1,Cold,1
1975,2014-01-25,2014,1,1,Cold,1
1976,2014-01-26,2014,1,1,Cold,1
1977,2014-01-27,2014,1,1,Cold,1
1978,2014-01-28,2014,1,1,Cold,1
1979,2014-01-29,2014,1,1,Cold,1
1980,2014-01-30,2014,1,1,Cold,1
1981,2014-01-31,2014,1,1,Cold,1
1982,2014-02-01,2014,2,1,Cold,1
1983,2014-02-02,2014,2,1,Cold,1
1984,2014-02-03,2014,2,1,Cold,1
1985,2014-02-04,2014,2,1,Cold,1
1986,2014-02-05,2014,2,1,Cold,1
1987,2014-02-06,2014,2,1,Cold,1
1988,2014-02-07,2014,2,1,Cold,1
1989,2014-02-08,2014,2,1,Cold,1
1990,2014-02-09,2014,2,1,Cold,1
1991,2014-02-10,2014,2,1,Cold,1
1992,2014-02-11,2014,2,1,Cold,1
1993,2014-02-12,2014,2,1,Cold,1
1994,2014-02-13,2014,2,1,Cold,1
1995,2014-02-14,2014,2,1,Cold,1
1996,2014-02-15,2014,2,1,Cold,1
1997,2014-02-16,2014,2,1,Cold,1
1998,2014-02-17,2014,2,1,Cold,1
1999,2014-02-18,2014,2,1,Cold,1
2000,2014-02-19,2014,2,1,Cold,1
2001,2014-02-20,2014,2,1,Cold,1
2002,2014-02-21,2014,2,1,Cold,1
2003,2014-02-22,2014,2,1,Cold,1
2004,2014-02-23,2014,2,1,Cold,1
2005,2014-02-24,2014,2,1,Cold,1
2006,2014-02-25,2014,2,1,Cold,1
2007,2014-02-26,2014,2,1,Cold,1
2008,2014-02-27,2014,2,1,Cold,1
2009,2014-02-28,2014,2,1,Cold,1
2010,2014-03-01,2014,3,1,Cold,1
2011,2014-03-02,2014,3,1,Cold,1
2012,2014-03-03,2014,3,1,Cold,1
2013,2014-03-04,2014,3,1,Cold,1
2014,2014-03-05,2014,3,1,Cold,1
2015,2014-03-06,2014,3,1,Cold,1
2016,2014-03-07,2014,3,1,Cold,1
2017,2014-03-08,2014,3,1,Cold,1
2018,2014-03-09,2014,3,1,Cold,1
2019,2014-03-10,2014,3,1,Cold,1
2020,2014-03-11,2014,3,1,Cold,1
2021,2014-03-12,2014,3,1,Cold,1
2022,2014-03-13,2014,3,1,Cold,1
2023,2014-03-14,2014,3,1,Cold,1
2024,2014-03-15,2014,3,1,Cold,1
2025,2014-03-16,2014,3,1,Cold,1
2026,2014-03-17,2014,3,1,Cold,1
2027,2014-03-18,2014,3,1,Cold,1
2028,2014-03-19,2014,3,1,Cold,1
2029,2014-03-20,2014,3,1,Cold,1
2030,2014-03-21,2014,3,1,Cold,1
2031,2014-03-22,2014,3,1,Cold,1
2032,2014-03-23,2014,3,1,Cold,1
2033,2014-03-24,2014,3,1,Cold,1
2034,2014-03-25,2014,3,1,Cold,1
2035,2014-03-26,2014,3,1,Cold,1
2036,2014-03-27,2014,3,1,Cold,1
2037,2014-03-28,2014,3,1,Cold,1
2038,2014-03-29,2014,3,1,Cold,1
2039,2014-03-30,2014,3,1,Cold,1
2040,2014-03-31,2014,3,1,Cold,1
2041,2014-04-01,2014,4,2,Cold,1
2042,2014-04-02,2014,4,2,Cold,1
2043,2014-04-03,2014,4,2,Cold,1
2044,2014-04-04,2014,4,2,Cold,1
2045,2014-04-05,2014,4,2,Cold,1
2046,2014-04-06,2014,4,2,Cold,1
2047,2014-04-07,2014,4,2,Cold,1
2048,2014-04-08,2014,4,2,Cold,1
2049,2014-04-09,2014,4,2,Cold,1
2050,2014-04-10,2014,4,2,Cold,1
2051,2014-04-11,2014,4,2,Cold,1
2052,2014-04-12,2014,4,2,Cold,1
2053,2014-04-13,2014,4,2,Cold,1
2054,2014-04-14,2014,4,2,Cold,1
2055,2014-04-15,2014,4,2,Cold,1
2056,2014-04-16,2014,4,2,Cold,1
2057,2014-04-17,2014,4,2,Cold,1
2058,2014-04-18,2014,4,2,Cold,1
2059,2014-04-19,2014,4,2,Cold,1
2060,2014-04-20,2014,4,2,Cold,1
2061,2014-04-21,2014,4,2,Cold,1
2062,2014-04-22,2014,4,2,Cold,1
2063,2014-04-23,2014,4,2,Cold,1
2064,2014-04-24,2014,4,2,Cold,1
2065,2014-04-25,2014,4,2,Cold,1
2066,2014-04-26,2014,4,2,Cold,1
2067,2014-04-27,2014,4,2,Cold,1
2068,2014-04-28,2014,4,2,Cold,1
2069,2014-04-29,2014,4,2,Cold,1
2070,2014-04-30,2014,4,2,Cold,1
2071,2014-05-01,2014,5,2,Warm,0
2072,2014-05-02,2014,5,2,Warm,0
2073,2014-05-03,2014,5,2,Warm,0
2074,2014-05-04,2014,5,2,Warm,0
2075,2014-05-05,2014,5,2,Warm,0
2076,2014-05-06,2014,5,2,Warm,0
2077,2014-05-07,2014,5,2,Warm,0
2078,2014-05-08,2014,5,2,Warm,0
2079,2014-05-09,2014,5,2,Warm,0
2080,2014-05-10,2014,5,2,Warm,0
2081,2014-05-11,2014,5,2,Warm,0
2082,2014-05-12,2014,5,2,Warm,0
2083,2014-05-13,2014,5,2,Warm,0
2084,2014-05-14,2014,5,2,Warm,0
2085,2014-05-15,2014,5,2,Warm,0
2086,2014-05-16,2014,5,2,Warm,0
2087,2014-05-17,2014,5,2,Warm,0
2088,2014-05-18,2014,5,2,Warm,0
2089,2014-05-19,2014,5,2,Warm,0
2090,2014-05-20,2014,5,2,Warm,0
2091,2014-05-21,2014,5,2,Warm,0
2092,2014-05-22,2014,5,2,Warm,0
2093,2014-05-23,2014,5,2,Warm,0
2094,2014-05-24,2014,5,2,Warm,0
2095,2014-05-25,2014,5,2,Warm,0
2096,2014-05-26,2014,5,2,Warm,0
2097,2014-05-27,2014,5,2,Warm,0
2098,2014-05-28,2014,5,2,Warm,0
2099,2014-05-29,2014,5,2,Warm,0
2100,2014-05-30,2014,5,2,Warm,0
2101,2014-05-31,2014,5,2,Warm,0
2102,2014-06-01,2014,6,2,Warm,0
2103,2014-06-02,2014,6,2,Warm,0
2104,2014-06-03,2014,6,2,Warm,0
2105,2014-06-04,2014,6,2,Warm,0
2106,2014-06-05,2014,6,2,Warm,0
2107,2014-06-06,2014,6,2,Warm,0
2108,2014-06-07,2014,6,2,Warm,0
2109,2014-06-08,2014,6,2,Warm,0
2110,2014-06-09,2014,6,2,Warm,0
2111,2014-06-10,2014,6,2,Warm,0
2112,2014-06-11,2014,6,2,Warm,0
2113,2014-06-12,2014,6,2,Warm,0
2114,2014-06-13,2014,6,2,Warm,0
2115,2014-06-14,2014,6,2,Warm,0
2116,2014-06-15,2014,6,2,Warm,0
2117,2014-06-16,2014,6,2,Warm,0
2118,2014-06-17,2014,6,2,Warm,0
2119,2014-06-18,2014,6,2,Warm,0
2120,2014-06-19,2014,6,2,Warm,0
2121,2014-06-20,2014,6,2,Warm,0
2122,2014-06-21,2014,6,2,Warm,0
2123,2014-06-22,2014,6,2,Warm,0
2124,2014-06-23,2014,6,2,Warm,0
2125,2014-06-24,2014,6,2,Warm,0
2126,2014-06-25,2014,6,2,Warm,0
2127,2014-06-26,2014,6,2,Warm,0
2128,2014-06-27,2014,6,2,Warm,0
2129,2014-06-28,2014,6,2,Warm,0
2130,2014-06-29,2014,6,2,Warm,0
2131,2014-06-30,2014,6,2,Warm,0
2132,2014-07-01,2014,7,3,Warm,0
2133,2014-07-02,2014,7,3,Warm,0
2134,2014-07-03,2014,7,3,Warm,0
2135,2014-07-04,2014,7,3,Warm,0
2136,2014-07-05,2014,7,3,Warm,0
2137,2014-07-06,2014,7,3,Warm,0
2138,2014-07-07,2014,7,3,Warm,0
2139,2014-07-08,2014,7,3,Warm,0
2140,2014-07-09,2014,7,3,Warm,0
2141,2014-07-10,2014,7,3,Warm,0
2142,2014-07-11,2014,7,3,Warm,0
2143,2014-07-12,2014,7,3,Warm,0
2144,2014-07-13,2014,7,3,Warm,0
2145,2014-07-14,2014,7,3,Warm,0
2146,2014-07-15,2014,7,3,Warm,0
2147,2014-07-16,2014,7,3,Warm,0
2148,2014-07-17,2014,7,3,Warm,0
2149,2014-07-18,2014,7,3,Warm,0
2150,2014-07-19,2014,7,3,Warm,0
2151,2014-07-20,2014,7,3,Warm,0
2152,2014-07-21,2014,7,3,Warm,0
2153,2014-07-22,2014,7,3,Warm,0
2154,2014-07-23,2014,7,3,Warm,0
2155,2014-07-24,2014,7,3,Warm,0
2156,2014-07-25,2014,7,3,Warm,0
2157,2014-07-26,2014,7,3,Warm,0
2158,2014-07-27,2014,7,3,Warm,0
2159,2014-07-28,2014,7,3,Warm,0
2160,2014-07-29,2014,7,3,Warm,0
2161,2014-07-30,2014,7,3,Warm,0
2162,2014-07-31,2014,7,3,Warm,0
2163,2014-08-01,2014,8,3,Warm,0
2164,2014-08-02,2014,8,3,Warm,0
2165,2014-08-03,2014,8,3,Warm,0
2166,2014-08-04,2014,8,3,Warm,0
2167,2014-08-05,2014,8,3,Warm,0
2168,2014-08-06,2014,8,3,Warm,0
2169,2014-08-07,2014,8,3,Warm,0
2170,2014-08-08,2014,8,3,Warm,0
2171,2014-08-09,2014,8,3,Warm,0
2172,2014-08-10,2014,8,3,Warm,0
2173,2014-08-11,2014,8,3,Warm,0
2174,2014-08-12,2014,8,3,Warm,0
2175,2014-08-13,2014,8,3,Warm,0
2176,2014-08-14,2014,8,3,Warm,0
2177,2014-08-15,2014,8,3,Warm,0
2178,2014-08-16,2014,8,3,Warm,0
2179,2014-08-17,2014,8,3,Warm,0
2180,2014-08-18,2014,8,3,Warm,0
2181,2014-08-19,2014,8,3,Warm,0
2182,2014-08-20,2014,8,3,Warm,0
2183,2014-08-21,2014,8,3,Warm,0
2184,2014-08-22,2014,8,3,Warm,0
2185,2014-08-23,2014,8,3,Warm,0
2186,2014-08-24,2014,8,3,Warm,0
2187,2014-08-25,2014,8,3,Warm,0
2188,2014-08-26,2014,8,3,Warm,0
2189,2014-08-27,2014,8,3,Warm,0
2190,2014-08-28,2014,8,3,Warm,0
2191,2014-08-29,2014,8,3,Warm,0
2192,2014-08-30,2014,8,3,Warm,0
2193,2014-08-31,2014,8,3,Warm,0
2194,2014-09-01,2014,9,3,Warm,0
2195,2014-09-02,2014,9,3,Warm,0
2196,2014-09-03,2014,9,3,Warm,0
2197,2014-09-04,2014,9,3,Warm,0
2198,2014-09-05,2014,9,3,Warm,0
2199,2014-09-06,2014,9,3,Warm,0
2200,2014-09-07,2014,9,3,Warm,0
2201,2014-09-08,2014,9,3,Warm,0
2202,2014-09-09,2014,9,3,Warm,0
2203,2014-09-10,2014,9,3,Warm,0
2204,2014-09-11,2014,9,3,Warm,0
2205,2014-09-12,2014,9,3,Warm,0
2206,2014-09-13,2014,9,3,Warm,0
2207,2014-09-14,2014,9,3,Warm,0
2208,2014-09-15,2014,9,3,Warm,0
2209,2014-09-16,2014,9,3,Warm,0
2210,2014-09-17,2014,9,3,Warm,0
2211,2014-09-18,2014,9,3,Warm,0
2212,2014-09-19,2014,9,3,Warm,0
2213,2014-09-20,2014,9,3,Warm,0
2214,2014-09-21,2014,9,3,Warm,0
2215,2014-09-22,2014,9,3,Warm,0
2216,2014-09-23,2014,9,3,Warm,0
2217,2014-09-24,2014,9,3,Warm,0
2218,2014-09-25,2014,9,3,Warm,0
2219,2014-09-26,2014,9,3,Warm,0
2220,2014-09-27,2014,9,3,Warm,0
2221,2014-09-28,2014,9,3,Warm,0
2222,2014-09-29,2014,9,3,Warm,0
2223,2014-09-30,2014,9,3,Warm,0
2224,2014-10-01,2014,10,4,Warm,0
2225,2014-10-02,2014,10,4,Warm,0
2226,2014-10-03,2014,10,4,Warm,0
2227,2014-10-04,2014,10,4,Warm,0
2228,2014-10-05,2014,10,4,Warm,0
2229,2014-10-06,2014,10,4,Warm,0
2230,2014-10-07,2014,10,4,Warm,0
2231,2014-10-08,2014,10,4,Warm,0
2232,2014-10-09,2014,10,4,Warm,0
2233,2014-10-10,2014,10,4,Warm,0
2234,2014-10-11,2014,10,4,Warm,0
2235,2014-10-12,2014,10,4,Warm,0
2236,2014-10-13,2014,10,4,Warm,0
2237,2014-10-14,2014,10,4,Warm,0
2238,2014-10-15,2014,10,4,Warm,0
2239,2014-10-16,2014,10,4,Warm,0
2240,2014-10-17,2014,10,4,Warm,0
2241,2014-10-18,2014,10,4,Warm,0
2242,2014-10-19,2014,10,4,Warm,0
2243,2014-10-20,2014,10,4,Warm,0
2244,2014-10-21,2014,10,4,Warm,0
2245,2014-10-22,2014,10,4,Warm,0
2246,2014-10-23,2014,10,4,Warm,0
2247,2014-10-24,2014,10,4,Warm,0
2248,2014-10-25,2014,10,4,Warm,0
2249,2014-10-26,2014,10,4,Warm,0
2250,2014-10-27,2014,10,4,Warm,0
2251,2014-10-28,2014,10,4,Warm,0
2252,2014-10-29,2014,10,4,Warm,0
2253,2014-10-30,2014,10,4,Warm,0
2254,2014-10-31,2014,10,4,Warm,0
2255,2014-11-01,2014,11,4,Warm,0
2256,2014-11-02,2014,11,4,Warm,0
2257,2014-11-03,2014,11,4,Warm,0
2258,2014-11-04,2014,11,4,Warm,0
2259,2014-11-05,2014,11,4,Warm,0
2260,2014-11-06,2014,11,4,Warm,0
2261,2014-11-07,2014,11,4,Warm,0
2262,2014-11-08,2014,11,4,Warm,0
2263,2014-11-09,2014,11,4,Warm,0
2264,2014-11-10,2014,11,4,Warm,0
2265,2014-11-11,2014,11,4,Warm,0
2266,2014-11-12,2014,11,4,Warm,0
2267,2014-11-13,2014,11,4,Warm,0
2268,2014-11-14,2014,11,4,Warm,0
2269,2014-11-15,2014,11,4,Warm,0
2270,2014-11-16,2014,11,4,Warm,0
2271,2014-11-17,2014,11,4,Warm,0
2272,2014-11-18,2014,11,4,Warm,0
2273,2014-11-19,2014,11,4,Warm,0
2274,2014-11-20,2014,11,4,Warm,0
2275,2014-11-21,2014,11,4,Warm,0
2276,2014-11-22,2014,11,4,Warm,0
2277,2014-11-23,2014,11,4,Warm,0
2278,2014-11-24,2014,11,4,Warm,0
2279,2014-11-25,2014,11,4,Warm,0
2280,2014-11-26,2014,11,4,Warm,0
2281,2014-11-27,2014,11,4,Warm,0
2282,2014-11-28,2014,11,4,Warm,0
2283,2014-11-29,2014,11,4,Warm,0
2284,2014-11-30,2014,11,4,Warm,0
2285,2014-12-01,2014,12,4,Warm,0
2286,2014-12-02,2014,12,4,Warm,0
2287,2014-12-03,2014,12,4,Warm,0
2288,2014-12-04,2014,12,4,Warm,0
2289,2014-12-05,2014,12,4,Warm,0
2290,2014-12-06,2014,12,4,Warm,0
2291,2014-12-07,2014,12,4,Warm,0
2292,2014-12-08,2014,12,4,Warm,0
2293,2014-12-09,2014,12,4,Warm,0
2294,2014-12-10,2014,12,4,Warm,0
2295,2014-12-11,2014,12,4,Warm,0
2296,2014-12-12,2014,12,4,Warm,0
2297,2014-12-13,2014,12,4,Warm,0
2298,2014-12-14,2014,12,4,Warm,0
2299,2014-12-15,2014,12,4,Warm,0
2300,2014-12-16,2014,12,4,Warm,0
2301,2014-12-17,2014,12,4,Warm,0
2302,2014-12-18,2014,12,4,Warm,0
2303,2014-12-19,2014,12,4,Warm,0
2304,2014-12-20,2014,12,4,Warm,0
2305,2014-12-21,2014,12,4,Warm,0
2306,2014-12-22,2014,12,4,Warm,0
2307,2014-12-23,2014,12,4,Warm,0
2308,2014-12-24,2014,12,4,Warm,0
2309,2014-12-25,2014,12,4,Warm,0
2310,2014-12-26,2014,12,4,Warm,0
2311,2014-12-27,2014,12,4,Warm,0
2312,2014-12-28,2014,12,4,Warm,0
2313,2014-12-29,2014,12,4,Warm,0
2314,2014-12-30,2014,12,4,Warm,0
2315,2014-12-31,2014,12,4,Warm,0
2316,2015-01-01,2015,1,1,Cold,1
2317,2015-01-02,2015,1,1,Cold,1
2318,2015-01-03,2015,1,1,Cold,1
2319,2015-01-04,2015,1,1,Cold,1
2320,2015-01-05,2015,1,1,Cold,1
2321,2015-01-06,2015,1,1,Cold,1
2322,2015-01-07,2015,1,1,Cold,1
2323,2015-01-08,2015,1,1,Cold,1
2324,2015-01-09,2015,1,1,Cold,1
2325,2015-01-10,2015,1,1,Cold,1
2326,2015-01-11,2015,1,1,Cold,1
2327,2015-01-12,2015,1,1,Cold,1
2328,2015-01-13,2015,1,1,Cold,1
2329,2015-01-14,2015,1,1,Cold,1
2330,2015-01-15,2015,1,1,Cold,1
2331,2015-01-16,2015,1,1,Cold,1
2332,2015-01-17,2015,1,1,Cold,1
2333,2015-01-18,2015,1,1,Cold,1
2334,2015-01-19,2015,1,1,Cold,1
2335,2015-01-20,2015,1,1,Cold,1
2336,2015-01-21,2015,1,1,Cold,1
2337,2015-01-22,2015,1,1,Cold,1
2338,2015-01-23,2015,1,1,Cold,1
2339,2015-01-24,2015,1,1,Cold,1
2340,2015-01-25,2015,1,1,Cold,1
2341,2015-01-26,2015,1,1,Cold,1
2342,2015-01-27,2015,1,1,Cold,1
2343,2015-01-28,2015,1,1,Cold,1
2344,2015-01-29,2015,1,1,Cold,1
2345,2015-01-30,2015,1,1,Cold,1
2346,2015-01-31,2015,1,1,Cold,1
2347,2015-02-01,2015,2,1,Cold,1
2348,2015-02-02,2015,2,1,Cold,1
2349,2015-02-03,2015,2,1,Cold,1
2350,2015-02-04,2015,2,1,Cold,1
2351,2015-02-05,2015,2,1,Cold,1
2352,2015-02-06,2015,2,1,Cold,1
2353,2015-02-07,2015,2,1,Cold,1
2354,2015-02-08,2015,2,1,Cold,1
2355,2015-02-09,2015,2,1,Cold,1
2356,2015-02-10,2015,2,1,Cold,1
2357,2015-02-11,2015,2,1,Cold,1
2358,2015-02-12,2015,2,1,Cold,1
2359,2015-02-13,2015,2,1,Cold,1
2360,2015-02-14,2015,2,1,Cold,1
2361,2015-02-15,2015,2,1,Cold,1
2362,2015-02-16,2015,2,1,Cold,1
2363,2015-02-17,2015,2,1,Cold,1
2364,2015-02-18,2015,2,1,Cold,1
2365,2015-02-19,2015,2,1,Cold,1
2366,2015-02-20,2015,2,1,Cold,1
2367,2015-02-21,2015,2,1,Cold,1
2368,2015-02-22,2015,2,1,Cold,1
2369,2015-02-23,2015,2,1,Cold,1
2370,2015-02-24,2015,2,1,Cold,1
2371,2015-02-25,2015,2,1,Cold,1
2372,2015-02-26,2015,2,1,Cold,1
2373,2015-02-27,2015,2,1,Cold,1
2374,2015-02-28,2015,2,1,Cold,1
2375,2015-03-01,2015,3,1,Cold,1
2376,2015-03-02,2015,3,1,Cold,1
2377,2015-03-03,2015,3,1,Cold,1
2378,2015-03-04,2015,3,1,Cold,1
2379,2015-03-05,2015,3,1,Cold,1
2380,2015-03-06,2015,3,1,Cold,1
2381,2015-03-07,2015,3,1,Cold,1
2382,2015-03-08,2015,3,1,Cold,1
2383,2015-03-09,2015,3,1,Cold,1
2384,2015-03-10,2015,3,1,Cold,1
2385,2015-03-11,2015,3,1,Cold,1
2386,2015-03-12,2015,3,1,Cold,1
2387,2015-03-13,2015,3,1,Cold,1
2388,2015-03-14,2015,3,1,Cold,1
2389,2015-03-15,2015,3,1,Cold,1
2390,2015-03-16,2015,3,1,Cold,1
2391,2015-03-17,2015,3,1,Cold,1
2392,2015-03-18,2015,3,1,Cold,1
2393,2015-03-19,2015,3,1,Cold,1
2394,2015-03-20,2015,3,1,Cold,1
2395,2015-03-21,2015,3,1,Cold,1
2396,2015-03-22,2015,3,1,Cold,1
2397,2015-03-23,2015,3,1,Cold,1
2398,2015-03-24,2015,3,1,Cold,1
2399,2015-03-25,2015,3,1,Cold,1
2400,2015-03-26,2015,3,1,Cold,1
2401,2015-03-27,2015,3,1,Cold,1
2402,2015-03-28,2015,3,1,Cold,1
2403,2015-03-29,2015,3,1,Cold,1
2404,2015-03-30,2015,3,1,Cold,1
2405,2015-03-31,2015,3,1,Cold,1
2406,2015-04-01,2015,4,2,Cold,1
2407,2015-04-02,2015,4,2,Cold,1
2408,2015-04-03,2015,4,2,Cold,1
2409,2015-04-04,2015,4,2,Cold,1
2410,2015-04-05,2015,4,2,Cold,1
2411,2015-04-06,2015,4,2,Cold,1
2412,2015-04-07,2015,4,2,Cold,1
2413,2015-04-08,2015,4,2,Cold,1
2414,2015-04-09,2015,4,2,Cold,1
2415,2015-04-10,2015,4,2,Cold,1
2416,2015-04-11,2015,4,2,Cold,1
2417,2015-04-12,2015,4,2,Cold,1
2418,2015-04-13,2015,4,2,Cold,1
2419,2015-04-14,2015,4,2,Cold,1
2420,2015-04-15,2015,4,2,Cold,1
2421,2015-04-16,2015,4,2,Cold,1
2422,2015-04-17,2015,4,2,Cold,1
2423,2015-04-18,2015,4,2,Cold,1
2424,2015-04-19,2015,4,2,Cold,1
2425,2015-04-20,2015,4,2,Cold,1
2426,2015-04-21,2015,4,2,Cold,1
2427,2015-04-22,2015,4,2,Cold,1
2428,2015-04-23,2015,4,2,Cold,1
2429,2015-04-24,2015,4,2,Cold,1
2430,2015-04-25,2015,4,2,Cold,1
2431,2015-04-26,2015,4,2,Cold,1
2432,2015-04-27,2015,4,2,Cold,1
2433,2015-04-28,2015,4,2,Cold,1
2434,2015-04-29,2015,4,2,Cold,1
2435,2015-04-30,2015,4,2,Cold,1
2436,2015-05-01,2015,5,2,Warm,0
2437,2015-05-02,2015,5,2,Warm,0
2438,2015-05-03,2015,5,2,Warm,0
2439,2015-05-04,2015,5,2,Warm,0
2440,2015-05-05,2015,5,2,Warm,0
2441,2015-05-06,2015,5,2,Warm,0
2442,2015-05-07,2015,5,2,Warm,0
2443,2015-05-08,2015,5,2,Warm,0
2444,2015-05-09,2015,5,2,Warm,0
2445,2015-05-10,2015,5,2,Warm,0
2446,2015-05-11,2015,5,2,Warm,0
2447,2015-05-12,2015,5,2,Warm,0
2448,2015-05-13,2015,5,2,Warm,0
2449,2015-05-14,2015,5,2,Warm,0
2450,2015-05-15,2015,5,2,Warm,0
2451,2015-05-16,2015,5,2,Warm,0
2452,2015-05-17,2015,5,2,Warm,0
2453,2015-05-18,2015,5,2,Warm,0
2454,2015-05-19,2015,5,2,Warm,0
2455,2015-05-20,2015,5,2,Warm,0
2456,2015-05-21,2015,5,2,Warm,0
2457,2015-05-22,2015,5,2,Warm,0
2458,2015-05-23,2015,5,2,Warm,0
2459,2015-05-24,2015,5,2,Warm,0
2460,2015-05-25,2015,5,2,Warm,0
2461,2015-05-26,2015,5,2,Warm,0
2462,2015-05-27,2015,5,2,Warm,0
2463,2015-05-28,2015,5,2,Warm,0
2464,2015-05-29,2015,5,2,Warm,0
2465,2015-05-30,2015,5,2,Warm,0
2466,2015-05-31,2015,5,2,Warm,0
2467,2015-06-01,2015,6,2,Warm,0
2468,2015-06-02,2015,6,2,Warm,0
2469,2015-06-03,2015,6,2,Warm,0
2470,2015-06-04,2015,6,2,Warm,0
2471,2015-06-05,2015,6,2,Warm,0
2472,2015-06-06,2015,6,2,Warm,0
2473,2015-06-07,2015,6,2,Warm,0
2474,2015-06-08,2015,6,2,Warm,0
2475,2015-06-09,2015,6,2,Warm,0
2476,2015-06-10,2015,6,2,Warm,0
2477,2015-06-11,2015,6,2,Warm,0
2478,2015-06-12,2015,6,2,Warm,0
2479,2015-06-13,2015,6,2,Warm,0
2480,2015-06-14,2015,6,2,Warm,0
2481,2015-06-15,2015,6,2,Warm,0
2482,2015-06-16,2015,6,2,Warm,0
2483,2015-06-17,2015,6,2,Warm,0
2484,2015-06-18,2015,6,2,Warm,0
2485,2015-06-19,2015,6,2,Warm,0
2486,2015-06-20,2015,6,2,Warm,0
2487,2015-06-21,2015,6,2,Warm,0
2488,2015-06-22,2015,6,2,Warm,0
2489,2015-06-23,2015,6,2,Warm,0
2490,2015-06-24,2015,6,2,Warm,0
2491,2015-06-25,2015,6,2,Warm,0
2492,2015-06-26,2015,6,2,Warm,0
2493,2015-06-27,2015,6,2,Warm,0
2494,2015-06-28,2015,6,2,Warm,0
2495,2015-06-29,2015,6,2,Warm,0
2496,2015-06-30,2015,6,2,Warm,0
2497,2015-07-01,2015,7,3,Warm,0
2498,2015-07-02,2015,7,3,Warm,0
2499,2015-07-03,2015,7,3,Warm,0
2500,2015-07-04,2015,7,3,Warm,0
2501,2015-07-05,2015,7,3,Warm,0
2502,2015-07-06,2015,7,3,Warm,0
2503,2015-07-07,2015,7,3,Warm,0
2504,2015-07-08,2015,7,3,Warm,0
2505,2015-07-09,2015,7,3,Warm,0
2506,2015-07-10,2015,7,3,Warm,0
2507,2015-07-11,2015,7,3,Warm,0
2508,2015-07-12,2015,7,3,Warm,0
2509,2015-07-13,2015,7,3,Warm,0
2510,2015-07-14,2015,7,3,Warm,0
2511,2015-07-15,2015,7,3,Warm,0
2512,2015-07-16,2015,7,3,Warm,0
2513,2015-07-17,2015,7,3,Warm,0
2514,2015-07-18,2015,7,3,Warm,0
2515,2015-07-19,2015,7,3,Warm,0
2516,2015-07-20,2015,7,3,Warm,0
2517,2015-07-21,2015,7,3,Warm,0
2518,2015-07-22,2015,7,3,Warm,0
2519,2015-07-23,2015,7,3,Warm,0
2520,2015-07-24,2015,7,3,Warm,0
2521,2015-07-25,2015,7,3,Warm,0
2522,2015-07-26,2015,7,3,Warm,0
2523,2015-07-27,2015,7,3,Warm,0
2524,2015-07-28,2015,7,3,Warm,0
2525,2015-07-29,2015,7,3,Warm,0
2526,2015-07-30,2015,7,3,Warm,0
2527,2015-07-31,2015,7,3,Warm,0
2528,2015-08-01,2015,8,3,Warm,0
2529,2015-08-02,2015,8,3,Warm,0
2530,2015-08-03,2015,8,3,Warm,0
2531,2015-08-04,2015,8,3,Warm,0
2532,2015-08-05,2015,8,3,Warm,0
2533,2015-08-06,2015,8,3,Warm,0
2534,2015-08-07,2015,8,3,Warm,0
2535,2015-08-08,2015,8,3,Warm,0
2536,2015-08-09,2015,8,3,Warm,0
2537,2015-08-10,2015,8,3,Warm,0
2538,2015-08-11,2015,8,3,Warm,0
2539,2015-08-12,2015,8,3,Warm,0
2540,2015-08-13,2015,8,3,Warm,0
2541,2015-08-14,2015,8,3,Warm,0
2542,2015-08-15,2015,8,3,Warm,0
2543,2015-08-16,2015,8,3,Warm,0
2544,2015-08-17,2015,8,3,Warm,0
2545,2015-08-18,2015,8,3,Warm,0
2546,2015-08-19,2015,8,3,Warm,0
2547,2015-08-20,2015,8,3,Warm,0
2548,2015-08-21,2015,8,3,Warm,0
2549,2015-08-22,2015,8,3,Warm,0
2550,2015-08-23,2015,8,3,Warm,0
2551,2015-08-24,2015,8,3,Warm,0
2552,2015-08-25,2015,8,3,Warm,0
2553,2015-08-26,2015,8,3,Warm,0
2554,2015-08-27,2015,8,3,Warm,0
2555,2015-08-28,2015,8,3,Warm,0
2556,2015-08-29,2015,8,3,Warm,0
2557,2015-08-30,2015,8,3,Warm,0
2558,2015-08-31,2015,8,3,Warm,0
2559,2015-09-01,2015,9,3,Warm,0
2560,2015-09-02,2015,9,3,Warm,0
2561,2015-09-03,2015,9,3,Warm,0
2562,2015-09-04,2015,9,3,Warm,0
2563,2015-09-05,2015,9,3,Warm,0
2564,2015-09-06,2015,9,3,Warm,0
2565,2015-09-07,2015,9,3,Warm,0
2566,2015-09-08,2015,9,3,Warm,0
2567,2015-09-09,2015,9,3,Warm,0
2568,2015-09-10,2015,9,3,Warm,0
2569,2015-09-11,2015,9,3,Warm,0
2570,2015-09-12,2015,9,3,Warm,0
2571,2015-09-13,2015,9,3,Warm,0
2572,2015-09-14,2015,9,3,Warm,0
2573,2015-09-15,2015,9,3,Warm,0
2574,2015-09-16,2015,9,3,Warm,0
2575,2015-09-17,2015,9,3,Warm,0
2576,2015-09-18,2015,9,3,Warm,0
2577,2015-09-19,2015,9,3,Warm,0
2578,2015-09-20,2015,9,3,Warm,0
2579,2015-09-21,2015,9,3,Warm,0
2580,2015-09-22,2015,9,3,Warm,0
2581,2015-09-23,2015,9,3,Warm,0
2582,2015-09-24,2015,9,3,Warm,0
2583,2015-09-25,2015,9,3,Warm,0
2584,2015-09-26,2015,9,3,Warm,0
2585,2015-09-27,2015,9,3,Warm,0
2586,2015-09-28,2015,9,3,Warm,0
2587,2015-09-29,2015,9,3,Warm,0
2588,2015-09-30,2015,9,3,Warm,0
2589,2015-10-01,2015,10,4,Warm,0
2590,2015-10-02,2015,10,4,Warm,0
2591,2015-10-03,2015,10,4,Warm,0
2592,2015-10-04,2015,10,4,Warm,0
2593,2015-10-05,2015,10,4,Warm,0
2594,2015-10-06,2015,10,4,Warm,0
2595,2015-10-07,2015,10,4,Warm,0
2596,2015-10-08,2015,10,4,Warm,0
2597,2015-10-09,2015,10,4,Warm,0
2598,2015-10-10,2015,10,4,Warm,0
2599,2015-10-11,2015,10,4,Warm,0
2600,2015-10-12,2015,10,4,Warm,0
2601,2015-10-13,2015,10,4,Warm,0
2602,2015-10-14,2015,10,4,Warm,0
2603,2015-10-15,2015,10,4,Warm,0
2604,2015-10-16,2015,10,4,Warm,0
2605,2015-10-17,2015,10,4,Warm,0
2606,2015-10-18,2015,10,4,Warm,0
2607,2015-10-19,2015,10,4,Warm,0
2608,2015-10-20,2015,10,4,Warm,0
2609,2015-10-21,2015,10,4,Warm,0
2610,2015-10-22,2015,10,4,Warm,0
2611,2015-10-23,2015,10,4,Warm,0
2612,2015-10-24,2015,10,4,Warm,0
2613,2015-10-25,2015,10,4,Warm,0
2614,2015-10-26,2015,10,4,Warm,0
2615,2015-10-27,2015,10,4,Warm,0
2616,2015-10-28,2015,10,4,Warm,0
2617,2015-10-29,2015,10,4,Warm,0
2618,2015-10-30,2015,10,4,Warm,0
2619,2015-10-31,2015,10,4,Warm,0
2620,2015-11-01,2015,11,4,Warm,0
2621,2015-11-02,2015,11,4,Warm,0
2622,2015-11-03,2015,11,4,Warm,0
2623,2015-11-04,2015,11,4,Warm,0
2624,2015-11-05,2015,11,4,Warm,0
2625,2015-11-06,2015,11,4,Warm,0
2626,2015-11-07,2015,11,4,Warm,0
2627,2015-11-08,2015,11,4,Warm,0
2628,2015-11-09,2015,11,4,Warm,0
2629,2015-11-10,2015,11,4,Warm,0
2630,2015-11-11,2015,11,4,Warm,0
2631,2015-11-12,2015,11,4,Warm,0
2632,2015-11-13,2015,11,4,Warm,0
2633,2015-11-14,2015,11,4,Warm,0
2634,2015-11-15,2015,11,4,Warm,0
2635,2015-11-16,2015,11,4,Warm,0
2636,2015-11-17,2015,11,4,Warm,0
2637,2015-11-18,2015,11,4,Warm,0
2638,2015-11-19,2015,11,4,Warm,0
2639,2015-11-20,2015,11,4,Warm,0
2640,2015-11-21,2015,11,4,Warm,0
2641,2015-11-22,2015,11,4,Warm,0
2642,2015-11-23,2015,11,4,Warm,0
2643,2015-11-24,2015,11,4,Warm,0
2644,2015-11-25,2015,11,4,Warm,0
2645,2015-11-26,2015,11,4,Warm,0
2646,2015-11-27,2015,11,4,Warm,0
2647,2015-11-28,2015,11,4,Warm,0
2648,2015-11-29,2015,11,4,Warm,0
2649,2015-11-30,2015,11,4,Warm,0
2650,2015-12-01,2015,12,4,Warm,0
2651,2015-12-02,2015,12,4,Warm,0
2652,2015-12-03,2015,12,4,Warm,0
2653,2015-12-04,2015,12,4,Warm,0
2654,2015-12-05,2015,12,4,Warm,0
2655,2015-12-06,2015,12,4,Warm,0
2656,2015-12-07,2015,12,4,Warm,0
2657,2015-12-08,2015,12,4,Warm,0
2658,2015-12-09,2015,12,4,Warm,0
2659,2015-12-10,2015,12,4,Warm,0
2660,2015-12-11,2015,12,4,Warm,0
2661,2015-12-12,2015,12,4,Warm,0
2662,2015-12-13,2015,12,4,Warm,0
2663,2015-12-14,2015,12,4,Warm,0
2664,2015-12-15,2015,12,4,Warm,0
2665,2015-12-16,2015,12,4,Warm,0
2666,2015-12-17,2015,12,4,Warm,0
2667,2015-12-18,2015,12,4,Warm,0
2668,2015-12-19,2015,12,4,Warm,0
2669,2015-12-20,2015,12,4,Warm,0
2670,2015-12-21,2015,12,4,Warm,0
2671,2015-12-22,2015,12,4,Warm,0
2672,2015-12-23,2015,12,4,Warm,0
2673,2015-12-24,2015,12,4,Warm,0
2674,2015-12-25,2015,12,4,Warm,0
2675,2015-12-26,2015,12,4,Warm,0
2676,2015-12-27,2015,12,4,Warm,0
2677,2015-12-28,2015,12,4,Warm,0
2678,2015-12-29,2015,12,4,Warm,0
2679,2015-12-30,2015,12,4,Warm,0
2680,2015-12-31,2015,12,4,Warm,0
2681,2016-01-01,2016,1,1,Cold,1
2682,2016-01-02,2016,1,1,Cold,1
2683,2016-01-03,2016,1,1,Cold,1
2684,2016-01-04,2016,1,1,Cold,1
2685,2016-01-05,2016,1,1,Cold,1
2686,2016-01-06,2016,1,1,Cold,1
2687,2016-01-07,2016,1,1,Cold,1
2688,2016-01-08,2016,1,1,Cold,1
2689,2016-01-09,2016,1,1,Cold,1
2690,2016-01-10,2016,1,1,Cold,1
2691,2016-01-11,2016,1,1,Cold,1
2692,2016-01-12,2016,1,1,Cold,1
2693,2016-01-13,2016,1,1,Cold,1
2694,2016-01-14,2016,1,1,Cold,1
2695,2016-01-15,2016,1,1,Cold,1
2696,2016-01-16,2016,1,1,Cold,1
2697,2016-01-17,2016,1,1,Cold,1
2698,2016-01-18,2016,1,1,Cold,1
2699,2016-01-19,2016,1,1,Cold,1
2700,2016-01-20,2016,1,1,Cold,1
2701,2016-01-21,2016,1,1,Cold,1
2702,2016-01-22,2016,1,1,Cold,1
2703,2016-01-23,2016,1,1,Cold,1
2704,2016-01-24,2016,1,1,Cold,1
2705,2016-01-25,2016,1,1,Cold,1
2706,2016-01-26,2016,1,1,Cold,1
2707,2016-01-27,2016,1,1,Cold,1
2708,2016-01-28,2016,1,1,Cold,1
2709,2016-01-29,2016,1,1,Cold,1
2710,2016-01-30,2016,1,1,Cold,1
2711,2016-01-31,2016,1,1,Cold,1
2712,2016-02-01,2016,2,1,Cold,1
2713,2016-02-02,2016,2,1,Cold,1
2714,2016-02-03,2016,2,1,Cold,1
2715,2016-02-04,2016,2,1,Cold,1
2716,2016-02-05,2016,2,1,Cold,1
2717,2016-02-06,2016,2,1,Cold,1
2718,2016-02-07,2016,2,1,Cold,1
2719,2016-02-08,2016,2,1,Cold,1
2720,2016-02-09,2016,2,1,Cold,1
2721,2016-02-10,2016,2,1,Cold,1
2722,2016-02-11,2016,2,1,Cold,1
2723,2016-02-12,2016,2,1,Cold,1
2724,2016-02-13,2016,2,1,Cold,1
2725,2016-02-14,2016,2,1,Cold,1
2726,2016-02-15,2016,2,1,Cold,1
2727,2016-02-16,2016,2,1,Cold,1
2728,2016-02-17,2016,2,1,Cold,1
2729,2016-02-18,2016,2,1,Cold,1
2730,2016-02-19,2016,2,1,Cold,1
2731,2016-02-20,2016,2,1,Cold,1
2732,2016-02-21,2016,2,1,Cold,1
2733,2016-02-22,2016,2,1,Cold,1
2734,2016-02-23,2016,2,1,Cold,1
2735,2016-02-24,2016,2,1,Cold,1
2736,2016-02-25,2016,2,1,Cold,1
2737,2016-02-26,2016,2,1,Cold,1
2738,2016-02-27,2016,2,1,Cold,1
2739,2016-02-28,2016,2,1,Cold,1
2740,2016-02-29,2016,2,1,Cold,1
2741,2016-03-01,2016,3,1,Cold,1
2742,2016-03-02,2016,3,1,Cold,1
2743,2016-03-03,2016,3,1,Cold,1
2744,2016-03-04,2016,3,1,Cold,1
2745,2016-03-05,2016,3,1,Cold,1
2746,2016-03-06,2016,3,1,Cold,1
2747,2016-03-07,2016,3,1,Cold,1
2748,2016-03-08,2016,3,1,Cold,1
2749,2016-03-09,2016,3,1,Cold,1
2750,2016-03-10,2016,3,1,Cold,1
2751,2016-03-11,2016,3,1,Cold,1
2752,2016-03-12,2016,3,1,Cold,1
2753,2016-03-13,2016,3,1,Cold,1
2754,2016-03-14,2016,3,1,Cold,1
2755,2016-03-15,2016,3,1,Cold,1
2756,2016-03-16,2016,3,1,Cold,1
2757,2016-03-17,2016,3,1,Cold,1
2758,2016-03-18,2016,3,1,Cold,1
2759,2016-03-19,2016,3,1,Cold,1
2760,2016-03-20,2016,3,1,Cold,1
2761,2016-03-21,2016,3,1,Cold,1
2762,2016-03-22,2016,3,1,Cold,1
2763,2016-03-23,2016,3,1,Cold,1
2764,2016-03-24,2016,3,1,Cold,1
2765,2016-03-25,2016,3,1,Cold,1
2766,2016-03-26,2016,3,1,Cold,1
2767,2016-03-27,2016,3,1,Cold,1
2768,2016-03-28,2016,3,1,Cold,1
2769,2016-03-29,2016,3,1,Cold,1
2770,2016-03-30,2016,3,1,Cold,1
2771,2016-03-31,2016,3,1,Cold,1
2772,2016-04-01,2016,4,2,Cold,1
2773,2016-04-02,2016,4,2,Cold,1
2774,2016-04-03,2016,4,2,Cold,1
2775,2016-04-04,2016,4,2,Cold,1
2776,2016-04-05,2016,4,2,Cold,1
2777,2016-04-06,2016,4,2,Cold,1
2778,2016-04-07,2016,4,2,Cold,1
2779,2016-04-08,2016,4,2,Cold,1
2780,2016-04-09,2016,4,2,Cold,1
2781,2016-04-10,2016,4,2,Cold,1
2782,2016-04-11,2016,4,2,Cold,1
2783,2016-04-12,2016,4,2,Cold,1
2784,2016-04-13,2016,4,2,Cold,1
2785,2016-04-14,2016,4,2,Cold,1
2786,2016-04-15,2016,4,2,Cold,1
2787,2016-04-16,2016,4,2,Cold,1
2788,2016-04-17,2016,4,2,Cold,1
2789,2016-04-18,2016,4,2,Cold,1
2790,2016-04-19,2016,4,2,Cold,1
2791,2016-04-20,2016,4,2,Cold,1
2792,2016-04-21,2016,4,2,Cold,1
2793,2016-04-22,2016,4,2,Cold,1
2794,2016-04-23,2016,4,2,Cold,1
2795,2016-04-24,2016,4,2,Cold,1
2796,2016-04-25,2016,4,2,Cold,1
2797,2016-04-26,2016,4,2,Cold,1
2798,2016-04-27,2016,4,2,Cold,1
2799,2016-04-28,2016,4,2,Cold,1
2800,2016-04-29,2016,4,2,Cold,1
2801,2016-04-30,2016,4,2,Cold,1
2802,2016-05-01,2016,5,2,Warm,0
2803,2016-05-02,2016,5,2,Warm,0
2804,2016-05-03,2016,5,2,Warm,0
2805,2016-05-04,2016,5,2,Warm,0
2806,2016-05-05,2016,5,2,Warm,0
2807,2016-05-06,2016,5,2,Warm,0
2808,2016-05-07,2016,5,2,Warm,0
2809,2016-05-08,2016,5,2,Warm,0
2810,2016-05-09,2016,5,2,Warm,0
2811,2016-05-10,2016,5,2,Warm,0
2812,2016-05-11,2016,5,2,Warm,0
2813,2016-05-12,2016,5,2,Warm,0
2814,2016-05-13,2016,5,2,Warm,0
2815,2016-05-14,2016,5,2,Warm,0
2816,2016-05-15,2016,5,2,Warm,0
2817,2016-05-16,2016,5,2,Warm,0
2818,2016-05-17,2016,5,2,Warm,0
2819,2016-05-18,2016,5,2,Warm,0
2820,2016-05-19,2016,5,2,Warm,0
2821,2016-05-20,2016,5,2,Warm,0
2822,2016-05-21,2016,5,2,Warm,0
2823,2016-05-22,2016,5,2,Warm,0
2824,2016-05-23,2016,5,2,Warm,0
2825,2016-05-24,2016,5,2,Warm,0
2826,2016-05-25,2016,5,2,Warm,0
2827,2016-05-26,2016,5,2,Warm,0
2828,2016-05-27,2016,5,2,Warm,0
2829,2016-05-28,2016,5,2,Warm,0
2830,2016-05-29,2016,5,2,Warm,0
2831,2016-05-30,2016,5,2,Warm,0
2832,2016-05-31,2016,5,2,Warm,0
2833,2016-06-01,2016,6,2,Warm,0
2834,2016-06-02,2016,6,2,Warm,0
2835,2016-06-03,2016,6,2,Warm,0
2836,2016-06-04,2016,6,2,Warm,0
2837,2016-06-05,2016,6,2,Warm,0
2838,2016-06-06,2016,6,2,Warm,0
2839,2016-06-07,2016,6,2,Warm,0
2840,2016-06-08,2016,6,2,Warm,0
2841,2016-06-09,2016,6,2,Warm,0
2842,2016-06-10,2016,6,2,Warm,0
2843,2016-06-11,2016,6,2,Warm,0
2844,2016-06-12,2016,6,2,Warm,0
2845,2016-06-13,2016,6,2,Warm,0
2846,2016-06-14,2016,6,2,Warm,0
2847,2016-06-15,2016,6,2,Warm,0
2848,2016-06-16,2016,6,2,Warm,0
2849,2016-06-17,2016,6,2,Warm,0
2850,2016-06-18,2016,6,2,Warm,0
2851,2016-06-19,2016,6,2,Warm,0
2852,2016-06-20,2016,6,2,Warm,0
2853,2016-06-21,2016,6,2,Warm,0
2854,2016-06-22,2016,6,2,Warm,0
2855,2016-06-23,2016,6,2,Warm,0
2856,2016-06-24,2016,6,2,Warm,0
2857,2016-06-25,2016,6,2,Warm,0
2858,2016-06-26,2016,6,2,Warm,0
2859,2016-06-27,2016,6,2,Warm,0
2860,2016-06-28,2016,6,2,Warm,0
2861,2016-06-29,2016,6,2,Warm,0
2862,2016-06-30,2016,6,2,Warm,0
2863,2016-07-01,2016,7,3,Warm,0
2864,2016-07-02,2016,7,3,Warm,0
2865,2016-07-03,2016,7,3,Warm,0
2866,2016-07-04,2016,7,3,Warm,0
2867,2016-07-05,2016,7,3,Warm,0
2868,2016-07-06,2016,7,3,Warm,0
2869,2016-07-07,2016,7,3,Warm,0
2870,2016-07-08,2016,7,3,Warm,0
2871,2016-07-09,2016,7,3,Warm,0
2872,2016-07-10,2016,7,3,Warm,0
2873,2016-07-11,2016,7,3,Warm,0
2874,2016-07-12,2016,7,3,Warm,0
2875,2016-07-13,2016,7,3,Warm,0
2876,2016-07-14,2016,7,3,Warm,0
2877,2016-07-15,2016,7,3,Warm,0
2878,2016-07-16,2016,7,3,Warm,0
2879,2016-07-17,2016,7,3,Warm,0
2880,2016-07-18,2016,7,3,Warm,0
2881,2016-07-19,2016,7,3,Warm,0
2882,2016-07-20,2016,7,3,Warm,0
2883,2016-07-21,2016,7,3,Warm,0
2884,2016-07-22,2016,7,3,Warm,0
2885,2016-07-23,2016,7,3,Warm,0
2886,2016-07-24,2016,7,3,Warm,0
2887,2016-07-25,2016,7,3,Warm,0
2888,2016-07-26,2016,7,3,Warm,0
2889,2016-07-27,2016,7,3,Warm,0
2890,2016-07-28,2016,7,3,Warm,0
2891,2016-07-29,2016,7,3,Warm,0
2892,2016-07-30,2016,7,3,Warm,0
2893,2016-07-31,2016,7,3,Warm,0
2894,2016-08-01,2016,8,3,Warm,0
2895,2016-08-02,2016,8,3,Warm,0
2896,2016-08-03,2016,8,3,Warm,0
2897,2016-08-04,2016,8,3,Warm,0
2898,2016-08-05,2016,8,3,Warm,0
2899,2016-08-06,2016,8,3,Warm,0
2900,2016-08-07,2016,8,3,Warm,0
2901,2016-08-08,2016,8,3,Warm,0
2902,2016-08-09,2016,8,3,Warm,0
2903,2016-08-10,2016,8,3,Warm,0
2904,2016-08-11,2016,8,3,Warm,0
2905,2016-08-12,2016,8,3,Warm,0
2906,2016-08-13,2016,8,3,Warm,0
2907,2016-08-14,2016,8,3,Warm,0
2908,2016-08-15,2016,8,3,Warm,0
2909,2016-08-16,2016,8,3,Warm,0
2910,2016-08-17,2016,8,3,Warm,0
2911,2016-08-18,2016,8,3,Warm,0
2912,2016-08-19,2016,8,3,Warm,0
2913,2016-08-20,2016,8,3,Warm,0
2914,2016-08-21,2016,8,3,Warm,0
2915,2016-08-22,2016,8,3,Warm,0
2916,2016-08-23,2016,8,3,Warm,0
2917,2016-08-24,2016,8,3,Warm,0
2918,2016-08-25,2016,8,3,Warm,0
2919,2016-08-26,2016,8,3,Warm,0
2920,2016-08-27,2016,8,3,Warm,0
2921,2016-08-28,2016,8,3,Warm,0
2922,2016-08-29,2016,8,3,Warm,0
2923,2016-08-30,2016,8,3,Warm,0
2924,2016-08-31,2016,8,3,Warm,0
2925,2016-09-01,2016,9,3,Warm,0
2926,2016-09-02,2016,9,3,Warm,0
2927,2016-09-03,2016,9,3,Warm,0
2928,2016-09-04,2016,9,3,Warm,0
2929,2016-09-05,2016,9,3,Warm,0
2930,2016-09-06,2016,9,3,Warm,0
2931,2016-09-07,2016,9,3,Warm,0
2932,2016-09-08,2016,9,3,Warm,0
2933,2016-09-09,2016,9,3,Warm,0
2934,2016-09-10,2016,9,3,Warm,0
2935,2016-09-11,2016,9,3,Warm,0
2936,2016-09-12,2016,9,3,Warm,0
2937,2016-09-13,2016,9,3,Warm,0
2938,2016-09-14,2016,9,3,Warm,0
2939,2016-09-15,2016,9,3,Warm,0
2940,2016-09-16,2016,9,3,Warm,0
2941,2016-09-17,2016,9,3,Warm,0
2942,2016-09-18,2016,9,3,Warm,0
2943,2016-09-19,2016,9,3,Warm,0
2944,2016-09-20,2016,9,3,Warm,0
2945,2016-09-21,2016,9,3,Warm,0
2946,2016-09-22,2016,9,3,Warm,0
2947,2016-09-23,2016,9,3,Warm,0
2948,2016-09-24,2016,9,3,Warm,0
2949,2016-09-25,2016,9,3,Warm,0
2950,2016-09-26,2016,9,3,Warm,0
2951,2016-09-27,2016,9,3,Warm,0
2952,2016-09-28,2016,9,3,Warm,0
2953,2016-09-29,2016,9,3,Warm,0
2954,2016-09-30,2016,9,3,Warm,0
2955,2016-10-01,2016,10,4,Warm,0
2956,2016-10-02,2016,10,4,Warm,0
2957,2016-10-03,2016,10,4,Warm,0
2958,2016-10-04,2016,10,4,Warm,0
2959,2016-10-05,2016,10,4,Warm,0
2960,2016-10-06,2016,10,4,Warm,0
2961,2016-10-07,2016,10,4,Warm,0
2962,2016-10-08,2016,10,4,Warm,0
2963,2016-10-09,2016,10,4,Warm,0
2964,2016-10-10,2016,10,4,Warm,0
2965,2016-10-11,2016,10,4,Warm,0
2966,2016-10-12,2016,10,4,Warm,0
2967,2016-10-13,2016,10,4,Warm,0
2968,2016-10-14,2016,10,4,Warm,0
2969,2016-10-15,2016,10,4,Warm,0
2970,2016-10-16,2016,10,4,Warm,0
2971,2016-10-17,2016,10,4,Warm,0
2972,2016-10-18,2016,10,4,Warm,0
2973,2016-10-19,2016,10,4,Warm,0
2974,2016-10-20,2016,10,4,Warm,0
2975,2016-10-21,2016,10,4,Warm,0
2976,2016-10-22,2016,10,4,Warm,0
2977,2016-10-23,2016,10,4,Warm,0
2978,2016-10-24,2016,10,4,Warm,0
2979,2016-10-25,2016,10,4,Warm,0
2980,2016-10-26,2016,10,4,Warm,0
2981,2016-10-27,2016,10,4,Warm,0
2982,2016-10-28,2016,10,4,Warm,0
2983,2016-10-29,2016,10,4,Warm,0
2984,2016-10-30,2016,10,4,Warm,0
2985,2016-10-31,2016,10,4,Warm,0
2986,2016-11-01,2016,11,4,Warm,0
2987,2016-11-02,2016,11,4,Warm,0
2988,2016-11-03,2016,11,4,Warm,0
2989,2016-11-04,2016,11,4,Warm,0
2990,2016-11-05,2016,11,4,Warm,0
2991,2016-11-06,2016,11,4,Warm,0
2992,2016-11-07,2016,11,4,Warm,0
2993,2016-11-08,2016,11,4,Warm,0
2994,2016-11-09,2016,11,4,Warm,0
2995,2016-11-10,2016,11,4,Warm,0
2996,2016-11-11,2016,11,4,Warm,0
2997,2016-11-12,2016,11,4,Warm,0
2998,2016-11-13,2016,11,4,Warm,0
2999,2016-11-14,2016,11,4,Warm,0
3000,2016-11-15,2016,11,4,Warm,0
3001,2016-11-16,2016,11,4,Warm,0
3002,2016-11-17,2016,11,4,Warm,0
3003,2016-11-18,2016,11,4,Warm,0
3004,2016-11-19,2016,11,4,Warm,0
3005,2016-11-20,2016,11,4,Warm,0
3006,2016-11-21,2016,11,4,Warm,0
3007,2016-11-22,2016,11,4,Warm,0
3008,2016-11-23,2016,11,4,Warm,0
3009,2016-11-24,2016,11,4,Warm,0
3010,2016-11-25,2016,11,4,Warm,0
3011,2016-11-26,2016,11,4,Warm,0
3012,2016-11-27,2016,11,4,Warm,0
3013,2016-11-28,2016,11,4,Warm,0
3014,2016-11-29,2016,11,4,Warm,0
3015,2016-11-30,2016,11,4,Warm,0
3016,2016-12-01,2016,12,4,Warm,0
3017,2016-12-02,2016,12,4,Warm,0
3018,2016-12-03,2016,12,4,Warm,0
3019,2016-12-04,2016,12,4,Warm,0
3020,2016-12-05,2016,12,4,Warm,0
3021,2016-12-06,2016,12,4,Warm,0
3022,2016-12-07,2016,12,4,Warm,0
3023,2016-12-08,2016,12,4,Warm,0
3024,2016-12-09,2016,12,4,Warm,0
3025,2016-12-10,2016,12,4,Warm,0
3026,2016-12-11,2016,12,4,Warm,0
3027,2016-12-12,2016,12,4,Warm,0
3028,2016-12-13,2016,12,4,Warm,0
3029,2016-12-14,2016,12,4,Warm,0
3030,2016-12-15,2016,12,4,Warm,0
3031,2016-12-16,2016,12,4,Warm,0
3032,2016-12-17,2016,12,4,Warm,0
3033,2016-12-18,2016,12,4,Warm,0
3034,2016-12-19,2016,12,4,Warm,0
3035,2016-12-20,2016,12,4,Warm,0
3036,2016-12-21,2016,12,4,Warm,0
3037,2016-12-22,2016,12,4,Warm,0
3038,2016-12-23,2016,12,4,Warm,0
3039,2016-12-24,2016,12,4,Warm,0
3040,2016-12-25,2016,12,4,Warm,0
3041,2016-12-26,2016,12,4,Warm,0
3042,2016-12-27,2016,12,4,Warm,0
3043,2016-12-28,2016,12,4,Warm,0
3044,2016-12-29,2016,12,4,Warm,0
3045,2016-12-30,2016,12,4,Warm,0
3046,2016-12-31,2016,12,4,Warm,0
3047,2017-01-01,2017,1,1,Cold,1
3048,2017-01-02,2017,1,1,Cold,1
3049,2017-01-03,2017,1,1,Cold,1
3050,2017-01-04,2017,1,1,Cold,1
3051,2017-01-05,2017,1,1,Cold,1
3052,2017-01-06,2017,1,1,Cold,1
3053,2017-01-07,2017,1,1,Cold,1
3054,2017-01-08,2017,1,1,Cold,1
3055,2017-01-09,2017,1,1,Cold,1
3056,2017-01-10,2017,1,1,Cold,1
3057,2017-01-11,2017,1,1,Cold,1
3058,2017-01-12,2017,1,1,Cold,1
3059,2017-01-13,2017,1,1,Cold,1
3060,2017-01-14,2017,1,1,Cold,1
3061,2017-01-15,2017,1,1,Cold,1
3062,2017-01-16,2017,1,1,Cold,1
3063,2017-01-17,2017,1,1,Cold,1
3064,2017-01-18,2017,1,1,Cold,1
3065,2017-01-19,2017,1,1,Cold,1
3066,2017-01-20,2017,1,1,Cold,1
3067,2017-01-21,2017,1,1,Cold,1
3068,2017-01-22,2017,1,1,Cold,1
3069,2017-01-23,2017,1,1,Cold,1
3070,2017-01-24,2017,1,1,Cold,1
3071,2017-01-25,2017,1,1,Cold,1
3072,2017-01-26,2017,1,1,Cold,1
3073,2017-01-27,2017,1,1,Cold,1
3074,2017-01-28,2017,1,1,Cold,1
3075,2017-01-29,2017,1,1,Cold,1
3076,2017-01-30,2017,1,1,Cold,1
3077,2017-01-31,2017,1,1,Cold,1
3078,2017-02-01,2017,2,1,Cold,1
3079,2017-02-02,2017,2,1,Cold,1
3080,2017-02-03,2017,2,1,Cold,1
3081,2017-02-04,2017,2,1,Cold,1
3082,2017-02-05,2017,2,1,Cold,1
3083,2017-02-06,2017,2,1,Cold,1
3084,2017-02-07,2017,2,1,Cold,1
3085,2017-02-08,2017,2,1,Cold,1
3086,2017-02-09,2017,2,1,Cold,1
3087,2017-02-10,2017,2,1,Cold,1
3088,2017-02-11,2017,2,1,Cold,1
3089,2017-02-12,2017,2,1,Cold,1
3090,2017-02-13,2017,2,1,Cold,1
3091,2017-02-14,2017,2,1,Cold,1
3092,2017-02-15,2017,2,1,Cold,1
3093,2017-02-16,2017,2,1,Cold,1
3094,2017-02-17,2017,2,1,Cold,1
3095,2017-02-18,2017,2,1,Cold,1
3096,2017-02-19,2017,2,1,Cold,1
3097,2017-02-20,2017,2,1,Cold,1
3098,2017-02-21,2017,2,1,Cold,1
3099,2017-02-22,2017,2,1,Cold,1
3100,2017-02-23,2017,2,1,Cold,1
3101,2017-02-24,2017,2,1,Cold,1
3102,2017-02-25,2017,2,1,Cold,1
3103,2017-02-26,2017,2,1,Cold,1
3104,2017-02-27,2017,2,1,Cold,1
3105,2017-02-28,2017,2,1,Cold,1
3106,2017-03-01,2017,3,1,Cold,1
3107,2017-03-02,2017,3,1,Cold,1
3108,2017-03-03,2017,3,1,Cold,1
3109,2017-03-04,2017,3,1,Cold,1
3110,2017-03-05,2017,3,1,Cold,1
3111,2017-03-06,2017,3,1,Cold,1
3112,2017-03-07,2017,3,1,Cold,1
3113,2017-03-08,2017,3,1,Cold,1
3114,2017-03-09,2017,3,1,Cold,1
3115,2017-03-10,2017,3,1,Cold,1
3116,2017-03-11,2017,3,1,Cold,1
3117,2017-03-12,2017,3,1,Cold,1
3118,2017-03-13,2017,3,1,Cold,1
3119,2017-03-14,2017,3,1,Cold,1
3120,2017-03-15,2017,3,1,Cold,1
3121,2017-03-16,2017,3,1,Cold,1
3122,2017-03-17,2017,3,1,Cold,1
3123,2017-03-18,2017,3,1,Cold,1
3124,2017-03-19,2017,3,1,Cold,1
3125,2017-03-20,2017,3,1,Cold,1
3126,2017-03-21,2017,3,1,Cold,1
3127,2017-03-22,2017,3,1,Cold,1
3128,2017-03-23,2017,3,1,Cold,1
3129,2017-03-24,2017,3,1,Cold,1
3130,2017-03-25,2017,3,1,Cold,1
3131,2017-03-26,2017,3,1,Cold,1
3132,2017-03-27,2017,3,1,Cold,1
3133,2017-03-28,2017,3,1,Cold,1
3134,2017-03-29,2017,3,1,Cold,1
3135,2017-03-30,2017,3,1,Cold,1
3136,2017-03-31,2017,3,1,Cold,1
3137,2017-04-01,2017,4,2,Cold,1
3138,2017-04-02,2017,4,2,Cold,1
3139,2017-04-03,2017,4,2,Cold,1
3140,2017-04-04,2017,4,2,Cold,1
3141,2017-04-05,2017,4,2,Cold,1
3142,2017-04-06,2017,4,2,Cold,1
3143,2017-04-07,2017,4,2,Cold,1
3144,2017-04-08,2017,4,2,Cold,1
3145,2017-04-09,2017,4,2,Cold,1
3146,2017-04-10,2017,4,2,Cold,1
3147,2017-04-11,2017,4,2,Cold,1
3148,2017-04-12,2017,4,2,Cold,1
3149,2017-04-13,2017,4,2,Cold,1
3150,2017-04-14,2017,4,2,Cold,1
3151,2017-04-15,2017,4,2,Cold,1
3152,2017-04-16,2017,4,2,Cold,1
3153,2017-04-17,2017,4,2,Cold,1
3154,2017-04-18,2017,4,2,Cold,1
3155,2017-04-19,2017,4,2,Cold,1
3156,2017-04-20,2017,4,2,Cold,1
3157,2017-04-21,2017,4,2,Cold,1
3158,2017-04-22,2017,4,2,Cold,1
3159,2017-04-23,2017,4,2,Cold,1
3160,2017-04-24,2017,4,2,Cold,1
3161,2017-04-25,2017,4,2,Cold,1
3162,2017-04-26,2017,4,2,Cold,1
3163,2017-04-27,2017,4,2,Cold,1
3164,2017-04-28,2017,4,2,Cold,1
3165,2017-04-29,2017,4,2,Cold,1
3166,2017-04-30,2017,4,2,Cold,1
3167,2017-05-01,2017,5,2,Warm,0
3168,2017-05-02,2017,5,2,Warm,0
3169,2017-05-03,2017,5,2,Warm,0
3170,2017-05-04,2017,5,2,Warm,0
3171,2017-05-05,2017,5,2,Warm,0
3172,2017-05-06,2017,5,2,Warm,0
3173,2017-05-07,2017,5,2,Warm,0
3174,2017-05-08,2017,5,2,Warm,0
3175,2017-05-09,2017,5,2,Warm,0
3176,2017-05-10,2017,5,2,Warm,0
3177,2017-05-11,2017,5,2,Warm,0
3178,2017-05-12,2017,5,2,Warm,0
3179,2017-05-13,2017,5,2,Warm,0
3180,2017-05-14,2017,5,2,Warm,0
3181,2017-05-15,2017,5,2,Warm,0
3182,2017-05-16,2017,5,2,Warm,0
3183,2017-05-17,2017,5,2,Warm,0
3184,2017-05-18,2017,5,2,Warm,0
3185,2017-05-19,2017,5,2,Warm,0
3186,2017-05-20,2017,5,2,Warm,0
3187,2017-05-21,2017,5,2,Warm,0
3188,2017-05-22,2017,5,2,Warm,0
3189,2017-05-23,2017,5,2,Warm,0
3190,2017-05-24,2017,5,2,Warm,0
3191,2017-05-25,2017,5,2,Warm,0
3192,2017-05-26,2017,5,2,Warm,0
3193,2017-05-27,2017,5,2,Warm,0
3194,2017-05-28,2017,5,2,Warm,0
3195,2017-05-29,2017,5,2,Warm,0
3196,2017-05-30,2017,5,2,Warm,0
3197,2017-05-31,2017,5,2,Warm,0
3198,2017-06-01,2017,6,2,Warm,0
3199,2017-06-02,2017,6,2,Warm,0
3200,2017-06-03,2017,6,2,Warm,0
3201,2017-06-04,2017,6,2,Warm,0
3202,2017-06-05,2017,6,2,Warm,0
3203,2017-06-06,2017,6,2,Warm,0
3204,2017-06-07,2017,6,2,Warm,0
3205,2017-06-08,2017,6,2,Warm,0
3206,2017-06-09,2017,6,2,Warm,0
3207,2017-06-10,2017,6,2,Warm,0
3208,2017-06-11,2017,6,2,Warm,0
3209,2017-06-12,2017,6,2,Warm,0
3210,2017-06-13,2017,6,2,Warm,0
3211,2017-06-14,2017,6,2,Warm,0
3212,2017-06-15,2017,6,2,Warm,0
3213,2017-06-16,2017,6,2,Warm,0
3214,2017-06-17,2017,6,2,Warm,0
3215,2017-06-18,2017,6,2,Warm,0
3216,2017-06-19,2017,6,2,Warm,0
3217,2017-06-20,2017,6,2,Warm,0
3218,2017-06-21,2017,6,2,Warm,0
3219,2017-06-22,2017,6,2,Warm,0
3220,2017-06-23,2017,6,2,Warm,0
3221,2017-06-24,2017,6,2,Warm,0
3222,2017-06-25,2017,6,2,Warm,0
3223,2017-06-26,2017,6,2,Warm,0
3224,2017-06-27,2017,6,2,Warm,0
3225,2017-06-28,2017,6,2,Warm,0
3226,2017-06-29,2017,6,2,Warm,0
3227,2017-06-30,2017,6,2,Warm,0
3228,2017-07-01,2017,7,3,Warm,0
3229,2017-07-02,2017,7,3,Warm,0
3230,2017-07-03,2017,7,3,Warm,0
3231,2017-07-04,2017,7,3,Warm,0
3232,2017-07-05,2017,7,3,Warm,0
3233,2017-07-06,2017,7,3,Warm,0
3234,2017-07-07,2017,7,3,Warm,0
3235,2017-07-08,2017,7,3,Warm,0
3236,2017-07-09,2017,7,3,Warm,0
3237,2017-07-10,2017,7,3,Warm,0
3238,2017-07-11,2017,7,3,Warm,0
3239,2017-07-12,2017,7,3,Warm,0
3240,2017-07-13,2017,7,3,Warm,0
3241,2017-07-14,2017,7,3,Warm,0
3242,2017-07-15,2017,7,3,Warm,0
3243,2017-07-16,2017,7,3,Warm,0
3244,2017-07-17,2017,7,3,Warm,0
3245,2017-07-18,2017,7,3,Warm,0
3246,2017-07-19,2017,7,3,Warm,0
3247,2017-07-20,2017,7,3,Warm,0
3248,2017-07-21,2017,7,3,Warm,0
3249,2017-07-22,2017,7,3,Warm,0
3250,2017-07-23,2017,7,3,Warm,0
3251,2017-07-24,2017,7,3,Warm,0
3252,2017-07-25,2017,7,3,Warm,0
3253,2017-07-26,2017,7,3,Warm,0
3254,2017-07-27,2017,7,3,Warm,0
3255,2017-07-28,2017,7,3,Warm,0
3256,2017-07-29,2017,7,3,Warm,0
3257,2017-07-30,2017,7,3,Warm,0
3258,2017-07-31,2017,7,3,Warm,0
3259,2017-08-01,2017,8,3,Warm,0
3260,2017-08-02,2017,8,3,Warm,0
3261,2017-08-03,2017,8,3,Warm,0
3262,2017-08-04,2017,8,3,Warm,0
3263,2017-08-05,2017,8,3,Warm,0
3264,2017-08-06,2017,8,3,Warm,0
3265,2017-08-07,2017,8,3,Warm,0
3266,2017-08-08,2017,8,3,Warm,0
3267,2017-08-09,2017,8,3,Warm,0
3268,2017-08-10,2017,8,3,Warm,0
3269,2017-08-11,2017,8,3,Warm,0
3270,2017-08-12,2017,8,3,Warm,0
3271,2017-08-13,2017,8,3,Warm,0
3272,2017-08-14,2017,8,3,Warm,0
3273,2017-08-15,2017,8,3,Warm,0
3274,2017-08-16,2017,8,3,Warm,0
3275,2017-08-17,2017,8,3,Warm,0
3276,2017-08-18,2017,8,3,Warm,0
3277,2017-08-19,2017,8,3,Warm,0
3278,2017-08-20,2017,8,3,Warm,0
3279,2017-08-21,2017,8,3,Warm,0
3280,2017-08-22,2017,8,3,Warm,0
3281,2017-08-23,2017,8,3,Warm,0
3282,2017-08-25,2017,8,3,Warm,0
3283,2017-08-26,2017,8,3,Warm,0
3284,2017-08-27,2017,8,3,Warm,0
3285,2017-08-28,2017,8,3,Warm,0
3286,2017-08-29,2017,8,3,Warm,0
3287,2017-08-30,2017,8,3,Warm,0
3288,2017-08-31,2017,8,3,Warm,0
3289,2017-09-01,2017,9,3,Warm,0
3290,2017-09-02,2017,9,3,Warm,0
3291,2017-09-03,2017,9,3,Warm,0
3292,2017-09-04,2017,9,3,Warm,0
3293,2017-09-05,2017,9,3,Warm,0
3294,2017-09-06,2017,9,3,Warm,0
3295,2017-09-07,2017,9,3,Warm,0
3296,2017-09-08,2017,9,3,Warm,0
3297,2017-09-09,2017,9,3,Warm,0
3298,2017-09-10,2017,9,3,Warm,0
3299,2017-09-11,2017,9,3,Warm,0
3300,2017-09-12,2017,9,3,Warm,0
3301,2017-09-13,2017,9,3,Warm,0
3302,2017-09-14,2017,9,3,Warm,0
3303,2017-09-15,2017,9,3,Warm,0
3304,2017-09-16,2017,9,3,Warm,0
3305,2017-09-17,2017,9,3,Warm,0
3306,2017-09-18,2017,9,3,Warm,0
3307,2017-09-19,2017,9,3,Warm,0
3308,2017-09-20,2017,9,3,Warm,0
3309,2017-09-21,2017,9,3,Warm,0
3310,2017-09-22,2017,9,3,Warm,0
3311,2017-09-23,2017,9,3,Warm,0
3312,2017-09-24,2017,9,3,Warm,0
3313,2017-09-25,2017,9,3,Warm,0
3314,2017-09-26,2017,9,3,Warm,0
3315,2017-09-27,2017,9,3,Warm,0
3316,2017-09-28,2017,9,3,Warm,0
3317,2017-09-29,2017,9,3,Warm,0
3318,2017-09-30,2017,9,3,Warm,0
3319,2017-10-01,2017,10,4,Warm,0
3320,2017-10-02,2017,10,4,Warm,0
3321,2017-10-03,2017,10,4,Warm,0
3322,2017-10-04,2017,10,4,Warm,0
3323,2017-10-05,2017,10,4,Warm,0
3324,2017-10-06,2017,10,4,Warm,0
3325,2017-10-07,2017,10,4,Warm,0
3326,2017-10-08,2017,10,4,Warm,0
3327,2017-10-09,2017,10,4,Warm,0
3328,2017-10-10,2017,10,4,Warm,0
3329,2017-10-11,2017,10,4,Warm,0
3330,2017-10-12,2017,10,4,Warm,0
3331,2017-10-13,2017,10,4,Warm,0
3332,2017-10-14,2017,10,4,Warm,0
3333,2017-10-15,2017,10,4,Warm,0
3334,2017-10-16,2017,10,4,Warm,0
3335,2017-10-17,2017,10,4,Warm,0
3336,2017-10-18,2017,10,4,Warm,0
3337,2017-10-19,2017,10,4,Warm,0
3338,2017-10-20,2017,10,4,Warm,0
3339,2017-10-21,2017,10,4,Warm,0
3340,2017-10-22,2017,10,4,Warm,0
3341,2017-10-23,2017,10,4,Warm,0
3342,2017-10-24,2017,10,4,Warm,0
3343,2017-10-25,2017,10,4,Warm,0
3344,2017-10-26,2017,10,4,Warm,0
3345,2017-10-27,2017,10,4,Warm,0
3346,2017-10-28,2017,10,4,Warm,0
3347,2017-10-29,2017,10,4,Warm,0
3348,2017-10-30,2017,10,4,Warm,0
3349,2017-10-31,2017,10,4,Warm,0
3350,2017-11-01,2017,11,4,Warm,0
3351,2017-11-02,2017,11,4,Warm,0
3352,2017-11-03,2017,11,4,Warm,0
3353,2017-11-04,2017,11,4,Warm,0
3354,2017-11-05,2017,11,4,Warm,0
3355,2017-11-06,2017,11,4,Warm,0
3356,2017-11-07,2017,11,4,Warm,0
3357,2017-11-08,2017,11,4,Warm,0
3358,2017-11-09,2017,11,4,Warm,0
3359,2017-11-10,2017,11,4,Warm,0
3360,2017-11-11,2017,11,4,Warm,0
3361,2017-11-12,2017,11,4,Warm,0
3362,2017-11-13,2017,11,4,Warm,0
3363,2017-11-14,2017,11,4,Warm,0
3364,2017-11-15,2017,11,4,Warm,0
3365,2017-11-16,2017,11,4,Warm,0
3366,2017-11-17,2017,11,4,Warm,0
3367,2017-11-18,2017,11,4,Warm,0
3368,2017-11-19,2017,11,4,Warm,0
3369,2017-11-20,2017,11,4,Warm,0
3370,2017-11-21,2017,11,4,Warm,0
3371,2017-11-22,2017,11,4,Warm,0
3372,2017-11-23,2017,11,4,Warm,0
3373,2017-11-24,2017,11,4,Warm,0
3374,2017-11-25,2017,11,4,Warm,0
3375,2017-11-26,2017,11,4,Warm,0
3376,2017-11-27,2017,11,4,Warm,0
3377,2017-11-28,2017,11,4,Warm,0
3378,2017-11-29,2017,11,4,Warm,0
3379,2017-11-30,2017,11,4,Warm,0
3380,2017-12-01,2017,12,4,Warm,0
3381,2017-12-02,2017,12,4,Warm,0
3382,2017-12-03,2017,12,4,Warm,0
3383,2017-12-04,2017,12,4,Warm,0
3384,2017-12-05,2017,12,4,Warm,0
3385,2017-12-06,2017,12,4,Warm,0
3386,2017-12-07,2017,12,4,Warm,0
3387,2017-12-08,2017,12,4,Warm,0
3388,2017-12-09,2017,12,4,Warm,0
3389,2017-12-10,2017,12,4,Warm,0
3390,2017-12-11,2017,12,4,Warm,0
3391,2017-12-12,2017,12,4,Warm,0
3392,2017-12-13,2017,12,4,Warm,0
3393,2017-12-14,2017,12,4,Warm,0
3394,2017-12-15,2017,12,4,Warm,0
3395,2017-12-16,2017,12,4,Warm,0
3396,2017-12-17,2017,12,4,Warm,0
3397,2017-12-18,2017,12,4,Warm,0
3398,2017-12-19,2017,12,4,Warm,0
3399,2017-12-20,2017,12,4,Warm,0
3400,2017-12-21,2017,12,4,Warm,0
3401,2017-12-22,2017,12,4,Warm,0
3402,2017-12-23,2017,12,4,Warm,0
3403,2017-12-24,2017,12,4,Warm,0
3404,2017-12-25,2017,12,4,Warm,0
3405,2017-12-26,2017,12,4,Warm,0
3406,2017-12-27,2017,12,4,Warm,0
3407,2017-12-28,2017,12,4,Warm,0
3408,2017-12-29,2017,12,4,Warm,0
3409,2017-12-30,2017,12,4,Warm,0
3410,2017-12-31,2017,12,4,Warm,0
3411,2018-01-01,2018,1,1,Cold,1
3412,2018-01-02,2018,1,1,Cold,1
3413,2018-01-03,2018,1,1,Cold,1
3414,2018-01-04,2018,1,1,Cold,1
3415,2018-01-05,2018,1,1,Cold,1
3416,2018-01-06,2018,1,1,Cold,1
3417,2018-01-07,2018,1,1,Cold,1
3418,2018-01-08,2018,1,1,Cold,1
3419,2018-01-09,2018,1,1,Cold,1
3420,2018-01-10,2018,1,1,Cold,1
3421,2018-01-11,2018,1,1,Cold,1
3422,2018-01-12,2018,1,1,Cold,1
3423,2018-01-13,2018,1,1,Cold,1
3424,2018-01-14,2018,1,1,Cold,1
3425,2018-01-15,2018,1,1,Cold,1
3426,2018-01-16,2018,1,1,Cold,1
3427,2018-01-17,2018,1,1,Cold,1
3428,2018-01-18,2018,1,1,Cold,1
3429,2018-01-19,2018,1,1,Cold,1
3430,2018-01-20,2018,1,1,Cold,1
3431,2018-01-21,2018,1,1,Cold,1
3432,2018-01-22,2018,1,1,Cold,1
3433,2018-01-23,2018,1,1,Cold,1
3434,2018-01-24,2018,1,1,Cold,1
3435,2018-01-25,2018,1,1,Cold,1
3436,2018-01-26,2018,1,1,Cold,1
3437,2018-01-27,2018,1,1,Cold,1
3438,2018-01-28,2018,1,1,Cold,1
3439,2018-01-29,2018,1,1,Cold,1
3440,2018-01-30,2018,1,1,Cold,1
3441,2018-01-31,2018,1,1,Cold,1
3442,2018-02-01,2018,2,1,Cold,1
3443,2018-02-02,2018,2,1,Cold,1
3444,2018-02-03,2018,2,1,Cold,1
3445,2018-02-04,2018,2,1,Cold,1
3446,2018-02-05,2018,2,1,Cold,1
3447,2018-02-06,2018,2,1,Cold,1
3448,2018-02-07,2018,2,1,Cold,1
3449,2018-02-08,2018,2,1,Cold,1
3450,2018-02-09,2018,2,1,Cold,1
3451,2018-02-10,2018,2,1,Cold,1
3452,2018-02-11,2018,2,1,Cold,1
3453,2018-02-12,2018,2,1,Cold,1
3454,2018-02-13,2018,2,1,Cold,1
3455,2018-02-14,2018,2,1,Cold,1
3456,2018-02-15,2018,2,1,Cold,1
3457,2018-02-16,2018,2,1,Cold,1
3458,2018-02-17,2018,2,1,Cold,1
3459,2018-02-18,2018,2,1,Cold,1
3460,2018-02-19,2018,2,1,Cold,1
3461,2018-02-20,2018,2,1,Cold,1
3462,2018-02-21,2018,2,1,Cold,1
3463,2018-02-22,2018,2,1,Cold,1
3464,2018-02-23,2018,2,1,Cold,1
3465,2018-02-24,2018,2,1,Cold,1
3466,2018-02-25,2018,2,1,Cold,1
3467,2018-02-26,2018,2,1,Cold,1
3468,2018-02-27,2018,2,1,Cold,1
3469,2018-02-28,2018,2,1,Cold,1
3470,2018-03-01,2018,3,1,Cold,1
3471,2018-03-02,2018,3,1,Cold,1
3472,2018-03-03,2018,3,1,Cold,1
3473,2018-03-04,2018,3,1,Cold,1
3474,2018-03-05,2018,3,1,Cold,1
3475,2018-03-06,2018,3,1,Cold,1
3476,2018-03-07,2018,3,1,Cold,1
3477,2018-03-08,2018,3,1,Cold,1
3478,2018-03-09,2018,3,1,Cold,1
3479,2018-03-10,2018,3,1,Cold,1
3480,2018-03-11,2018,3,1,Cold,1
3481,2018-03-12,2018,3,1,Cold,1
3482,2018-03-13,2018,3,1,Cold,1
3483,2018-03-14,2018,3,1,Cold,1
3484,2018-03-15,2018,3,1,Cold,1
3485,2018-03-16,2018,3,1,Cold,1
3486,2018-03-17,2018,3,1,Cold,1
3487,2018-03-18,2018,3,1,Cold,1
3488,2018-03-19,2018,3,1,Cold,1
3489,2018-03-20,2018,3,1,Cold,1
3490,2018-03-21,2018,3,1,Cold,1
3491,2018-03-22,2018,3,1,Cold,1
3492,2018-03-23,2018,3,1,Cold,1
3493,2018-03-24,2018,3,1,Cold,1
3494,2018-03-25,2018,3,1,Cold,1
3495,2018-03-26,2018,3,1,Cold,1
3496,2018-03-27,2018,3,1,Cold,1
3497,2018-03-28,2018,3,1,Cold,1
3498,2018-03-29,2018,3,1,Cold,1
3499,2018-03-30,2018,3,1,Cold,1
3500,2018-03-31,2018,3,1,Cold,1
3501,2018-04-01,2018,4,2,Cold,1
3502,2018-04-02,2018,4,2,Cold,1
3503,2018-04-03,2018,4,2,Cold,1
3504,2018-04-04,2018,4,2,Cold,1
3505,2018-04-05,2018,4,2,Cold,1
3506,2018-04-06,2018,4,2,Cold,1
3507,2018-04-07,2018,4,2,Cold,1
3508,2018-04-08,2018,4,2,Cold,1
3509,2018-04-09,2018,4,2,Cold,1
3510,2018-04-10,2018,4,2,Cold,1
3511,2018-04-11,2018,4,2,Cold,1
3512,2018-04-12,2018,4,2,Cold,1
3513,2018-04-13,2018,4,2,Cold,1
3514,2018-04-14,2018,4,2,Cold,1
3515,2018-04-15,2018,4,2,Cold,1
3516,2018-04-16,2018,4,2,Cold,1
3517,2018-04-17,2018,4,2,Cold,1
3518,2018-04-18,2018,4,2,Cold,1
3519,2018-04-19,2018,4,2,Cold,1
3520,2018-04-20,2018,4,2,Cold,1
3521,2018-04-21,2018,4,2,Cold,1
3522,2018-04-22,2018,4,2,Cold,1
3523,2018-04-23,2018,4,2,Cold,1
3524,2018-04-24,2018,4,2,Cold,1
3525,2018-04-25,2018,4,2,Cold,1
3526,2018-04-26,2018,4,2,Cold,1
3527,2018-04-27,2018,4,2,Cold,1
3528,2018-04-28,2018,4,2,Cold,1
3529,2018-04-29,2018,4,2,Cold,1
3530,2018-04-30,2018,4,2,Cold,1
3531,2018-05-01,2018,5,2,Warm,0
3532,2018-05-02,2018,5,2,Warm,0
3533,2018-05-03,2018,5,2,Warm,0
3534,2018-05-04,2018,5,2,Warm,0
3535,2018-05-05,2018,5,2,Warm,0
3536,2018-05-06,2018,5,2,Warm,0
3537,2018-05-07,2018,5,2,Warm,0
3538,2018-05-08,2018,5,2,Warm,0
3539,2018-05-09,2018,5,2,Warm,0
3540,2018-05-10,2018,5,2,Warm,0
3541,2018-05-11,2018,5,2,Warm,0
3542,2018-05-12,2018,5,2,Warm,0
3543,2018-05-13,2018,5,2,Warm,0
3544,2018-05-14,2018,5,2,Warm,0
3545,2018-05-15,2018,5,2,Warm,0
3546,2018-05-16,2018,5,2,Warm,0
3547,2018-05-17,2018,5,2,Warm,0
3548,2018-05-18,2018,5,2,Warm,0
3549,2018-05-19,2018,5,2,Warm,0
3550,2018-05-20,2018,5,2,Warm,0
3551,2018-05-21,2018,5,2,Warm,0
3552,2018-05-22,2018,5,2,Warm,0
3553,2018-05-23,2018,5,2,Warm,0
3554,2018-05-24,2018,5,2,Warm,0
3555,2018-05-25,2018,5,2,Warm,0
3556,2018-05-26,2018,5,2,Warm,0
3557,2018-05-27,2018,5,2,Warm,0
3558,2018-05-28,2018,5,2,Warm,0
3559,2018-05-29,2018,5,2,Warm,0
3560,2018-05-30,2018,5,2,Warm,0
3561,2018-05-31,2018,5,2,Warm,0
3562,2018-06-01,2018,6,2,Warm,0
3563,2018-06-02,2018,6,2,Warm,0
3564,2018-06-03,2018,6,2,Warm,0
3565,2018-06-04,2018,6,2,Warm,0
3566,2018-06-05,2018,6,2,Warm,0
3567,2018-06-06,2018,6,2,Warm,0
3568,2018-06-07,2018,6,2,Warm,0
3569,2018-06-08,2018,6,2,Warm,0
3570,2018-06-09,2018,6,2,Warm,0
3571,2018-06-10,2018,6,2,Warm,0
3572,2018-06-11,2018,6,2,Warm,0
3573,2018-06-12,2018,6,2,Warm,0
3574,2018-06-13,2018,6,2,Warm,0
3575,2018-06-14,2018,6,2,Warm,0
3576,2018-06-15,2018,6,2,Warm,0
3577,2018-06-16,2018,6,2,Warm,0
3578,2018-06-17,2018,6,2,Warm,0
3579,2018-06-18,2018,6,2,Warm,0
3580,2018-06-19,2018,6,2,Warm,0
3581,2018-06-20,2018,6,2,Warm,0
3582,2018-06-21,2018,6,2,Warm,0
3583,2018-06-22,2018,6,2,Warm,0
3584,2018-06-23,2018,6,2,Warm,0
3585,2018-06-24,2018,6,2,Warm,0
3586,2018-06-25,2018,6,2,Warm,0
3587,2018-06-26,2018,6,2,Warm,0
3588,2018-06-27,2018,6,2,Warm,0
3589,2018-06-28,2018,6,2,Warm,0
3590,2018-06-29,2018,6,2,Warm,0
3591,2018-06-30,2018,6,2,Warm,0
3592,2018-07-01,2018,7,3,Warm,0
3593,2018-07-02,2018,7,3,Warm,0
3594,2018-07-03,2018,7,3,Warm,0
3595,2018-07-04,2018,7,3,Warm,0
3596,2018-07-05,2018,7,3,Warm,0
3597,2018-07-06,2018,7,3,Warm,0
3598,2018-07-07,2018,7,3,Warm,0
3599,2018-07-08,2018,7,3,Warm,0
3600,2018-07-09,2018,7,3,Warm,0
3601,2018-07-10,2018,7,3,Warm,0
3602,2018-07-11,2018,7,3,Warm,0
3603,2018-07-12,2018,7,3,Warm,0
3604,2018-07-13,2018,7,3,Warm,0
3605,2018-07-14,2018,7,3,Warm,0
3606,2018-07-15,2018,7,3,Warm,0
3607,2018-07-16,2018,7,3,Warm,0
3608,2018-07-17,2018,7,3,Warm,0
3609,2018-07-18,2018,7,3,Warm,0
3610,2018-07-19,2018,7,3,Warm,0
3611,2018-07-20,2018,7,3,Warm,0
3612,2018-07-21,2018,7,3,Warm,0
3613,2018-07-22,2018,7,3,Warm,0
3614,2018-07-23,2018,7,3,Warm,0
3615,2018-07-24,2018,7,3,Warm,0
3616,2018-07-25,2018,7,3,Warm,0
3617,2018-07-26,2018,7,3,Warm,0
3618,2018-07-27,2018,7,3,Warm,0
3619,2018-07-28,2018,7,3,Warm,0
3620,2018-07-29,2018,7,3,Warm,0
3621,2018-07-30,2018,7,3,Warm,0
3622,2018-07-31,2018,7,3,Warm,0
3623,2018-08-01,2018,8,3,Warm,0
3624,2018-08-02,2018,8,3,Warm,0
3625,2018-08-03,2018,8,3,Warm,0
3626,2018-08-04,2018,8,3,Warm,0
3627,2018-08-05,2018,8,3,Warm,0
3628,2018-08-06,2018,8,3,Warm,0
3629,2018-08-07,2018,8,3,Warm,0
3630,2018-08-08,2018,8,3,Warm,0
3631,2018-08-09,2018,8,3,Warm,0
3632,2018-08-10,2018,8,3,Warm,0
3633,2018-08-11,2018,8,3,Warm,0
3634,2018-08-12,2018,8,3,Warm,0
3635,2018-08-13,2018,8,3,Warm,0
3636,2018-08-14,2018,8,3,Warm,0
3637,2018-08-15,2018,8,3,Warm,0
3638,2018-08-16,2018,8,3,Warm,0
3639,2018-08-17,2018,8,3,Warm,0
3640,2018-08-18,2018,8,3,Warm,0
3641,2018-08-19,2018,8,3,Warm,0
3642,2018-08-20,2018,8,3,Warm,0
3643,2018-08-21,2018,8,3,Warm,0
3644,2018-08-22,2018,8,3,Warm,0
3645,2018-08-23,2018,8,3,Warm,0
3646,2018-08-24,2018,8,3,Warm,0
3647,2018-08-25,2018,8,3,Warm,0
3648,2018-08-26,2018,8,3,Warm,0
3649,2018-08-27,2018,8,3,Warm,0
3650,2018-08-28,2018,8,3,Warm,0
3651,2018-08-29,2018,8,3,Warm,0
3652,2018-08-30,2018,8,3,Warm,0
3653,2018-08-31,2018,8,3,Warm,0
3654,2018-09-01,2018,9,3,Warm,0
3655,2018-09-02,2018,9,3,Warm,0
3656,2018-09-03,2018,9,3,Warm,0
3657,2018-09-04,2018,9,3,Warm,0
3658,2018-09-05,2018,9,3,Warm,0
3659,2018-09-06,2018,9,3,Warm,0
3660,2018-09-07,2018,9,3,Warm,0
3661,2018-09-08,2018,9,3,Warm,0
3662,2018-09-09,2018,9,3,Warm,0
3663,2018-09-10,2018,9,3,Warm,0
3664,2018-09-11,2018,9,3,Warm,0
3665,2018-09-12,2018,9,3,Warm,0
3666,2018-09-13,2018,9,3,Warm,0
3667,2018-09-14,2018,9,3,Warm,0
3668,2018-09-15,2018,9,3,Warm,0
3669,2018-09-16,2018,9,3,Warm,0
3670,2018-09-17,2018,9,3,Warm,0
3671,2018-09-18,2018,9,3,Warm,0
3672,2018-09-19,2018,9,3,Warm,0
3673,2018-09-20,2018,9,3,Warm,0
3674,2018-09-21,2018,9,3,Warm,0
3675,2018-09-22,2018,9,3,Warm,0
3676,2018-09-23,2018,9,3,Warm,0
3677,2018-09-24,2018,9,3,Warm,0
3678,2018-09-25,2018,9,3,Warm,0
3679,2018-09-26,2018,9,3,Warm,0
3680,2018-09-27,2018,9,3,Warm,0
3681,2018-09-28,2018,9,3,Warm,0
3682,2018-09-29,2018,9,3,Warm,0
3683,2018-09-30,2018,9,3,Warm,0
3684,2018-10-01,2018,10,4,Warm,0
3685,2018-10-02,2018,10,4,Warm,0
3686,2018-10-03,2018,10,4,Warm,0
3687,2018-10-04,2018,10,4,Warm,0
3688,2018-10-05,2018,10,4,Warm,0
3689,2018-10-06,2018,10,4,Warm,0
3690,2018-10-07,2018,10,4,Warm,0
3691,2018-10-08,2018,10,4,Warm,0
3692,2018-10-09,2018,10,4,Warm,0
3693,2018-10-10,2018,10,4,Warm,0
3694,2018-10-11,2018,10,4,Warm,0
3695,2018-10-12,2018,10,4,Warm,0
3696,2018-10-13,2018,10,4,Warm,0
3697,2018-10-14,2018,10,4,Warm,0
3698,2018-10-15,2018,10,4,Warm,0
3699,2018-10-16,2018,10,4,Warm,0
3700,2018-10-17,2018,10,4,Warm,0
3701,2018-10-18,2018,10,4,Warm,0
3702,2018-10-19,2018,10,4,Warm,0
3703,2018-10-20,2018,10,4,Warm,0
3704,2018-10-21,2018,10,4,Warm,0
3705,2018-10-22,2018,10,4,Warm,0
3706,2018-10-23,2018,10,4,Warm,0
3707,2018-10-24,2018,10,4,Warm,0
3708,2018-10-25,2018,10,4,Warm,0
3709,2018-10-26,2018,10,4,Warm,0
3710,2018-10-27,2018,10,4,Warm,0
3711,2018-10-28,2018,10,4,Warm,0
3712,2018-10-29,2018,10,4,Warm,0
3713,2018-10-30,2018,10,4,Warm,0
3714,2018-10-31,2018,10,4,Warm,0
3715,2018-11-01,2018,11,4,Warm,0
3716,2018-11-02,2018,11,4,Warm,0
3717,2018-11-03,2018,11,4,Warm,0
3718,2018-11-04,2018,11,4,Warm,0
3719,2018-11-05,2018,11,4,Warm,0
3720,2018-11-06,2018,11,4,Warm,0
3721,2018-11-07,2018,11,4,Warm,0
3722,2018-11-08,2018,11,4,Warm,0
3723,2018-11-09,2018,11,4,Warm,0
3724,2018-11-10,2018,11,4,Warm,0
3725,2018-11-11,2018,11,4,Warm,0
3726,2018-11-12,2018,11,4,Warm,0
3727,2018-11-13,2018,11,4,Warm,0
3728,2018-11-14,2018,11,4,Warm,0
3729,2018-11-15,2018,11,4,Warm,0
3730,2018-11-16,2018,11,4,Warm,0
3731,2018-11-17,2018,11,4,Warm,0
3732,2018-11-18,2018,11,4,Warm,0
3733,2018-11-19,2018,11,4,Warm,0
3734,2018-11-20,2018,11,4,Warm,0
3735,2018-11-21,2018,11,4,Warm,0
3736,2018-11-22,2018,11,4,Warm,0
3737,2018-11-23,2018,11,4,Warm,0
3738,2018-11-24,2018,11,4,Warm,0
3739,2018-11-25,2018,11,4,Warm,0
3740,2018-11-26,2018,11,4,Warm,0
3741,2018-11-27,2018,11,4,Warm,0
3742,2018-11-28,2018,11,4,Warm,0
3743,2018-11-29,2018,11,4,Warm,0
3744,2018-11-30,2018,11,4,Warm,0
3745,2018-12-01,2018,12,4,Warm,0
3746,2018-12-02,2018,12,4,Warm,0
3747,2018-12-03,2018,12,4,Warm,0
3748,2018-12-04,2018,12,4,Warm,0
3749,2018-12-05,2018,12,4,Warm,0
3750,2018-12-06,2018,12,4,Warm,0
3751,2018-12-07,2018,12,4,Warm,0
3752,2018-12-08,2018,12,4,Warm,0
3753,2018-12-09,2018,12,4,Warm,0
3754,2018-12-10,2018,12,4,Warm,0
3755,2018-12-11,2018,12,4,Warm,0
3756,2018-12-12,2018,12,4,Warm,0
3757,2018-12-13,2018,12,4,Warm,0
3758,2018-12-14,2018,12,4,Warm,0
3759,2018-12-15,2018,12,4,Warm,0
3760,2018-12-16,2018,12,4,Warm,0
3761,2018-12-17,2018,12,4,Warm,0
3762,2018-12-18,2018,12,4,Warm,0
3763,2018-12-19,2018,12,4,Warm,0
3764,2018-12-20,2018,12,4,Warm,0
3765,2018-12-21,2018,12,4,Warm,0
3766,2018-12-22,2018,12,4,Warm,0
3767,2018-12-23,2018,12,4,Warm,0
3768,2018-12-24,2018,12,4,Warm,0
3769,2018-12-25,2018,12,4,Warm,0
3770,2018-12-26,2018,12,4,Warm,0
3771,2018-12-27,2018,12,4,Warm,0
3772,2018-12-28,2018,12,4,Warm,0
3773,2018-12-29,2018,12,4,Warm,0
3774,2018-12-30,2018,12,4,Warm,0
3775,2018-12-31,2018,12,4,Warm,0
3776,2019-01-01,2019,1,1,Cold,1
3777,2019-01-02,2019,1,1,Cold,1
3778,2019-01-03,2019,1,1,Cold,1
3779,2019-01-04,2019,1,1,Cold,1
3780,2019-01-05,2019,1,1,Cold,1
3781,2019-01-06,2019,1,1,Cold,1
3782,2019-01-07,2019,1,1,Cold,1
3783,2019-01-08,2019,1,1,Cold,1
3784,2019-01-09,2019,1,1,Cold,1
3785,2019-01-10,2019,1,1,Cold,1
3786,2019-01-11,2019,1,1,Cold,1
3787,2019-01-12,2019,1,1,Cold,1
3788,2019-01-13,2019,1,1,Cold,1
3789,2019-01-14,2019,1,1,Cold,1
3790,2019-01-15,2019,1,1,Cold,1
3791,2019-01-16,2019,1,1,Cold,1
3792,2019-01-17,2019,1,1,Cold,1
3793,2019-01-18,2019,1,1,Cold,1
3794,2019-01-19,2019,1,1,Cold,1
3795,2019-01-20,2019,1,1,Cold,1
3796,2019-01-21,2019,1,1,Cold,1
3797,2019-01-22,2019,1,1,Cold,1
3798,2019-01-23,2019,1,1,Cold,1
3799,2019-01-24,2019,1,1,Cold,1
3800,2019-01-25,2019,1,1,Cold,1
3801,2019-01-26,2019,1,1,Cold,1
3802,2019-01-27,2019,1,1,Cold,1
3803,2019-01-28,2019,1,1,Cold,1
3804,2019-01-29,2019,1,1,Cold,1
3805,2019-01-30,2019,1,1,Cold,1
3806,2019-01-31,2019,1,1,Cold,1
3807,2019-02-01,2019,2,1,Cold,1
3808,2019-02-02,2019,2,1,Cold,1
3809,2019-02-03,2019,2,1,Cold,1
3810,2019-02-04,2019,2,1,Cold,1
3811,2019-02-05,2019,2,1,Cold,1
3812,2019-02-06,2019,2,1,Cold,1
3813,2019-02-07,2019,2,1,Cold,1
3814,2019-02-08,2019,2,1,Cold,1
3815,2019-02-09,2019,2,1,Cold,1
3816,2019-02-10,2019,2,1,Cold,1
3817,2019-02-11,2019,2,1,Cold,1
3818,2019-02-12,2019,2,1,Cold,1
3819,2019-02-13,2019,2,1,Cold,1
3820,2019-02-14,2019,2,1,Cold,1
3821,2019-02-15,2019,2,1,Cold,1
3822,2019-02-16,2019,2,1,Cold,1
3823,2019-02-17,2019,2,1,Cold,1
3824,2019-02-18,2019,2,1,Cold,1
3825,2019-02-19,2019,2,1,Cold,1
3826,2019-02-20,2019,2,1,Cold,1
3827,2019-02-21,2019,2,1,Cold,1
3828,2019-02-22,2019,2,1,Cold,1
3829,2019-02-23,2019,2,1,Cold,1
3830,2019-02-24,2019,2,1,Cold,1
3831,2019-02-25,2019,2,1,Cold,1
3832,2019-02-26,2019,2,1,Cold,1
3833,2019-02-27,2019,2,1,Cold,1
3834,2019-02-28,2019,2,1,Cold,1
3835,2019-03-01,2019,3,1,Cold,1
3836,2019-03-02,2019,3,1,Cold,1
3837,2019-03-03,2019,3,1,Cold,1
3838,2019-03-04,2019,3,1,Cold,1
3839,2019-03-05,2019,3,1,Cold,1
3840,2019-03-06,2019,3,1,Cold,1
3841,2019-03-07,2019,3,1,Cold,1
3842,2019-03-08,2019,3,1,Cold,1
3843,2019-03-09,2019,3,1,Cold,1
3844,2019-03-10,2019,3,1,Cold,1
3845,2019-03-11,2019,3,1,Cold,1
3846,2019-03-12,2019,3,1,Cold,1
3847,2019-03-13,2019,3,1,Cold,1
3848,2019-03-14,2019,3,1,Cold,1
3849,2019-03-15,2019,3,1,Cold,1
3850,2019-03-16,2019,3,1,Cold,1
3851,2019-03-17,2019,3,1,Cold,1
3852,2019-03-18,2019,3,1,Cold,1
3853,2019-03-19,2019,3,1,Cold,1
3854,2019-03-20,2019,3,1,Cold,1
3855,2019-03-21,2019,3,1,Cold,1
3856,2019-03-22,2019,3,1,Cold,1
3857,2019-03-23,2019,3,1,Cold,1
3858,2019-03-24,2019,3,1,Cold,1
3859,2019-03-25,2019,3,1,Cold,1
3860,2019-03-26,2019,3,1,Cold,1
3861,2019-03-27,2019,3,1,Cold,1
3862,2019-03-28,2019,3,1,Cold,1
3863,2019-03-29,2019,3,1,Cold,1
3864,2019-03-30,2019,3,1,Cold,1
3865,2019-03-31,2019,3,1,Cold,1
3866,2019-04-01,2019,4,2,Cold,1
3867,2019-04-02,2019,4,2,Cold,1
3868,2019-04-03,2019,4,2,Cold,1
3869,2019-04-04,2019,4,2,Cold,1
3870,2019-04-05,2019,4,2,Cold,1
3871,2019-04-06,2019,4,2,Cold,1
3872,2019-04-07,2019,4,2,Cold,1
3873,2019-04-08,2019,4,2,Cold,1
3874,2019-04-09,2019,4,2,Cold,1
3875,2019-04-10,2019,4,2,Cold,1
3876,2019-04-11,2019,4,2,Cold,1
3877,2019-04-12,2019,4,2,Cold,1
3878,2019-04-13,2019,4,2,Cold,1
3879,2019-04-14,2019,4,2,Cold,1
3880,2019-04-15,2019,4,2,Cold,1
3881,2019-04-16,2019,4,2,Cold,1
3882,2019-04-17,2019,4,2,Cold,1
3883,2019-04-18,2019,4,2,Cold,1
3884,2019-04-19,2019,4,2,Cold,1
3885,2019-04-20,2019,4,2,Cold,1
3886,2019-04-21,2019,4,2,Cold,1
3887,2019-04-22,2019,4,2,Cold,1
3888,2019-04-23,2019,4,2,Cold,1
3889,2019-04-24,2019,4,2,Cold,1
3890,2019-04-25,2019,4,2,Cold,1
3891,2019-04-26,2019,4,2,Cold,1
3892,2019-04-27,2019,4,2,Cold,1
3893,2019-04-28,2019,4,2,Cold,1
3894,2019-04-29,2019,4,2,Cold,1
3895,2019-04-30,2019,4,2,Cold,1
3896,2019-05-01,2019,5,2,Warm,0
3897,2019-05-02,2019,5,2,Warm,0
3898,2019-05-03,2019,5,2,Warm,0
3899,2019-05-04,2019,5,2,Warm,0
3900,2019-05-05,2019,5,2,Warm,0
3901,2019-05-06,2019,5,2,Warm,0
3902,2019-05-07,2019,5,2,Warm,0
3903,2019-05-08,2019,5,2,Warm,0
3904,2019-05-09,2019,5,2,Warm,0
3905,2019-05-10,2019,5,2,Warm,0
3906,2019-05-11,2019,5,2,Warm,0
3907,2019-05-12,2019,5,2,Warm,0
3908,2019-05-13,2019,5,2,Warm,0
3909,2019-05-14,2019,5,2,Warm,0
3910,2019-05-15,2019,5,2,Warm,0
3911,2019-05-16,2019,5,2,Warm,0
3912,2019-05-17,2019,5,2,Warm,0
3913,2019-05-18,2019,5,2,Warm,0
3914,2019-05-19,2019,5,2,Warm,0
3915,2019-05-20,2019,5,2,Warm,0
3916,2019-05-21,2019,5,2,Warm,0
3917,2019-05-22,2019,5,2,Warm,0
3918,2019-05-23,2019,5,2,Warm,0
3919,2019-05-24,2019,5,2,Warm,0
3920,2019-05-25,2019,5,2,Warm,0
3921,2019-05-26,2019,5,2,Warm,0
3922,2019-05-27,2019,5,2,Warm,0
3923,2019-05-28,2019,5,2,Warm,0
3924,2019-05-29,2019,5,2,Warm,0
3925,2019-05-30,2019,5,2,Warm,0
3926,2019-05-31,2019,5,2,Warm,0
3927,2019-06-01,2019,6,2,Warm,0
3928,2019-06-02,2019,6,2,Warm,0
3929,2019-06-03,2019,6,2,Warm,0
3930,2019-06-04,2019,6,2,Warm,0
3931,2019-06-05,2019,6,2,Warm,0
3932,2019-06-06,2019,6,2,Warm,0
3933,2019-06-07,2019,6,2,Warm,0
3934,2019-06-08,2019,6,2,Warm,0
3935,2019-06-09,2019,6,2,Warm,0
3936,2019-06-10,2019,6,2,Warm,0
3937,2019-06-11,2019,6,2,Warm,0
3938,2019-06-12,2019,6,2,Warm,0
3939,2019-06-13,2019,6,2,Warm,0
3940,2019-06-14,2019,6,2,Warm,0
3941,2019-06-15,2019,6,2,Warm,0
3942,2019-06-16,2019,6,2,Warm,0
3943,2019-06-17,2019,6,2,Warm,0
3944,2019-06-18,2019,6,2,Warm,0
3945,2019-06-19,2019,6,2,Warm,0
3946,2019-06-20,2019,6,2,Warm,0
3947,2019-06-21,2019,6,2,Warm,0
3948,2019-06-22,2019,6,2,Warm,0
3949,2019-06-23,2019,6,2,Warm,0
3950,2019-06-24,2019,6,2,Warm,0
3951,2019-06-25,2019,6,2,Warm,0
3952,2019-06-26,2019,6,2,Warm,0
3953,2019-06-27,2019,6,2,Warm,0
3954,2019-06-28,2019,6,2,Warm,0
3955,2019-06-29,2019,6,2,Warm,0
3956,2019-06-30,2019,6,2,Warm,0
3957,2019-07-01,2019,7,3,Warm,0
3958,2019-07-02,2019,7,3,Warm,0
3959,2019-07-03,2019,7,3,Warm,0
3960,2019-07-04,2019,7,3,Warm,0
3961,2019-07-05,2019,7,3,Warm,0
3962,2019-07-06,2019,7,3,Warm,0
3963,2019-07-07,2019,7,3,Warm,0
3964,2019-07-08,2019,7,3,Warm,0
3965,2019-07-09,2019,7,3,Warm,0
3966,2019-07-10,2019,7,3,Warm,0
3967,2019-07-11,2019,7,3,Warm,0
3968,2019-07-12,2019,7,3,Warm,0
3969,2019-07-13,2019,7,3,Warm,0
3970,2019-07-14,2019,7,3,Warm,0
3971,2019-07-15,2019,7,3,Warm,0
3972,2019-07-16,2019,7,3,Warm,0
3973,2019-07-17,2019,7,3,Warm,0
3974,2019-07-18,2019,7,3,Warm,0
3975,2019-07-19,2019,7,3,Warm,0
3976,2019-07-20,2019,7,3,Warm,0
3977,2019-07-21,2019,7,3,Warm,0
3978,2019-07-22,2019,7,3,Warm,0
3979,2019-07-23,2019,7,3,Warm,0
3980,2019-07-24,2019,7,3,Warm,0
3981,2019-07-25,2019,7,3,Warm,0
3982,2019-07-26,2019,7,3,Warm,0
3983,2019-07-27,2019,7,3,Warm,0
3984,2019-07-28,2019,7,3,Warm,0
3985,2019-07-29,2019,7,3,Warm,0
3986,2019-07-30,2019,7,3,Warm,0
3987,2019-07-31,2019,7,3,Warm,0
3988,2019-08-01,2019,8,3,Warm,0
3989,2019-08-02,2019,8,3,Warm,0
3990,2019-08-03,2019,8,3,Warm,0
3991,2019-08-04,2019,8,3,Warm,0
3992,2019-08-05,2019,8,3,Warm,0
3993,2019-08-06,2019,8,3,Warm,0
3994,2019-08-07,2019,8,3,Warm,0
3995,2019-08-08,2019,8,3,Warm,0
3996,2019-08-09,2019,8,3,Warm,0
3997,2019-08-10,2019,8,3,Warm,0
3998,2019-08-11,2019,8,3,Warm,0
3999,2019-08-12,2019,8,3,Warm,0
4000,2019-08-13,2019,8,3,Warm,0
4001,2019-08-14,2019,8,3,Warm,0
4002,2019-08-15,2019,8,3,Warm,0
4003,2019-08-16,2019,8,3,Warm,0
4004,2019-08-17,2019,8,3,Warm,0
4005,2019-08-18,2019,8,3,Warm,0
4006,2019-08-19,2019,8,3,Warm,0
4007,2019-08-20,2019,8,3,Warm,0
4008,2019-08-21,2019,8,3,Warm,0
4009,2019-08-22,2019,8,3,Warm,0
4010,2019-08-23,2019,8,3,Warm,0
4011,2019-08-24,2019,8,3,Warm,0
4012,2019-08-25,2019,8,3,Warm,0
4013,2019-08-26,2019,8,3,Warm,0
4014,2019-08-27,2019,8,3,Warm,0
4015,2019-08-28,2019,8,3,Warm,0
4016,2019-08-29,2019,8,3,Warm,0
4017,2019-08-30,2019,8,3,Warm,0
4018,2019-08-31,2019,8,3,Warm,0
4019,2019-09-01,2019,9,3,Warm,0
4020,2019-09-02,2019,9,3,Warm,0
4021,2019-09-03,2019,9,3,Warm,0
4022,2019-09-04,2019,9,3,Warm,0
4023,2019-09-05,2019,9,3,Warm,0
4024,2019-09-06,2019,9,3,Warm,0
4025,2019-09-07,2019,9,3,Warm,0
4026,2019-09-08,2019,9,3,Warm,0
4027,2019-09-09,2019,9,3,Warm,0
4028,2019-09-10,2019,9,3,Warm,0
4029,2019-09-11,2019,9,3,Warm,0
4030,2019-09-12,2019,9,3,Warm,0
4031,2019-09-13,2019,9,3,Warm,0
4032,2019-09-14,2019,9,3,Warm,0
4033,2019-09-15,2019,9,3,Warm,0
4034,2019-09-16,2019,9,3,Warm,0
4035,2019-09-17,2019,9,3,Warm,0
4036,2019-09-18,2019,9,3,Warm,0
4037,2019-09-19,2019,9,3,Warm,0
4038,2019-09-20,2019,9,3,Warm,0
4039,2019-09-21,2019,9,3,Warm,0
4040,2019-09-22,2019,9,3,Warm,0
4041,2019-09-23,2019,9,3,Warm,0
4042,2019-09-24,2019,9,3,Warm,0
4043,2019-09-25,2019,9,3,Warm,0
4044,2019-09-26,2019,9,3,Warm,0
4045,2019-09-27,2019,9,3,Warm,0
4046,2019-09-28,2019,9,3,Warm,0
4047,2019-09-29,2019,9,3,Warm,0
4048,2019-09-30,2019,9,3,Warm,0
4049,2019-10-01,2019,10,4,Warm,0
4050,2019-10-02,2019,10,4,Warm,0
4051,2019-10-03,2019,10,4,Warm,0
4052,2019-10-04,2019,10,4,Warm,0
4053,2019-10-05,2019,10,4,Warm,0
4054,2019-10-06,2019,10,4,Warm,0
4055,2019-10-07,2019,10,4,Warm,0
4056,2019-10-08,2019,10,4,Warm,0
4057,2019-10-09,2019,10,4,Warm,0
4058,2019-10-10,2019,10,4,Warm,0
4059,2019-10-11,2019,10,4,Warm,0
4060,2019-10-12,2019,10,4,Warm,0
4061,2019-10-13,2019,10,4,Warm,0
4062,2019-10-14,2019,10,4,Warm,0
4063,2019-10-15,2019,10,4,Warm,0
4064,2019-10-16,2019,10,4,Warm,0
4065,2019-10-17,2019,10,4,Warm,0
4066,2019-10-18,2019,10,4,Warm,0
4067,2019-10-19,2019,10,4,Warm,0
4068,2019-10-20,2019,10,4,Warm,0
4069,2019-10-21,2019,10,4,Warm,0
4070,2019-10-22,2019,10,4,Warm,0
4071,2019-10-23,2019,10,4,Warm,0
4072,2019-10-24,2019,10,4,Warm,0
4073,2019-10-25,2019,10,4,Warm,0
4074,2019-10-26,2019,10,4,Warm,0
4075,2019-10-27,2019,10,4,Warm,0
4076,2019-10-28,2019,10,4,Warm,0
4077,2019-10-29,2019,10,4,Warm,0
4078,2019-10-30,2019,10,4,Warm,0
4079,2019-10-31,2019,10,4,Warm,0
4080,2019-11-01,2019,11,4,Warm,0
4081,2019-11-02,2019,11,4,Warm,0
4082,2019-11-03,2019,11,4,Warm,0
4083,2019-11-04,2019,11,4,Warm,0
4084,2019-11-05,2019,11,4,Warm,0
4085,2019-11-06,2019,11,4,Warm,0
4086,2019-11-07,2019,11,4,Warm,0
4087,2019-11-08,2019,11,4,Warm,0
4088,2019-11-09,2019,11,4,Warm,0
4089,2019-11-10,2019,11,4,Warm,0
4090,2019-11-11,2019,11,4,Warm,0
4091,2019-11-12,2019,11,4,Warm,0
4092,2019-11-13,2019,11,4,Warm,0
4093,2019-11-14,2019,11,4,Warm,0
4094,2019-11-15,2019,11,4,Warm,0
4095,2019-11-16,2019,11,4,Warm,0
4096,2019-11-17,2019,11,4,Warm,0
4097,2019-11-18,2019,11,4,Warm,0
4098,2019-11-19,2019,11,4,Warm,0
4099,2019-11-20,2019,11,4,Warm,0
4100,2019-11-21,2019,11,4,Warm,0
4101,2019-11-22,2019,11,4,Warm,0
4102,2019-11-23,2019,11,4,Warm,0
4103,2019-11-24,2019,11,4,Warm,0
4104,2019-11-25,2019,11,4,Warm,0
4105,2019-11-26,2019,11,4,Warm,0
4106,2019-11-27,2019,11,4,Warm,0
4107,2019-11-28,2019,11,4,Warm,0
4108,2019-11-29,2019,11,4,Warm,0
4109,2019-11-30,2019,11,4,Warm,0
4110,2019-12-01,2019,12,4,Warm,0
4111,2019-12-02,2019,12,4,Warm,0
4112,2019-12-03,2019,12,4,Warm,0
4113,2019-12-04,2019,12,4,Warm,0
4114,2019-12-05,2019,12,4,Warm,0
4115,2019-12-06,2019,12,4,Warm,0
4116,2019-12-07,2019,12,4,Warm,0
4117,2019-12-08,2019,12,4,Warm,0
4118,2019-12-09,2019,12,4,Warm,0
4119,2019-12-10,2019,12,4,Warm,0
4120,2019-12-11,2019,12,4,Warm,0
4121,2019-12-12,2019,12,4,Warm,0
4122,2019-12-13,2019,12,4,Warm,0
4123,2019-12-14,2019,12,4,Warm,0
4124,2019-12-15,2019,12,4,Warm,0
4125,2019-12-16,2019,12,4,Warm,0
4126,2019-12-17,2019,12,4,Warm,0
4127,2019-12-18,2019,12,4,Warm,0
4128,2019-12-19,2019,12,4,Warm,0
4129,2019-12-20,2019,12,4,Warm,0
4130,2019-12-21,2019,12,4,Warm,0
4131,2019-12-22,2019,12,4,Warm,0
4132,2019-12-23,2019,12,4,Warm,0
4133,2019-12-24,2019,12,4,Warm,0
4134,2019-12-25,2019,12,4,Warm,0
4135,2019-12-26,2019,12,4,Warm,0
4136,2019-12-27,2019,12,4,Warm,0
4137,2019-12-28,2019,12,4,Warm,0
4138,2019-12-29,2019,12,4,Warm,0
4139,2019-12-30,2019,12,4,Warm,0
4140,2019-12-31,2019,12,4,Warm,0
4141,2020-01-01,2020,1,1,Cold,1
4142,2020-01-02,2020,1,1,Cold,1
4143,2020-01-03,2020,1,1,Cold,1
4144,2020-01-04,2020,1,1,Cold,1
4145,2020-01-05,2020,1,1,Cold,1
4146,2020-01-06,2020,1,1,Cold,1
4147,2020-01-07,2020,1,1,Cold,1
4148,2020-01-08,2020,1,1,Cold,1
4149,2020-01-09,2020,1,1,Cold,1
4150,2020-01-10,2020,1,1,Cold,1
4151,2020-01-11,2020,1,1,Cold,1
4152,2020-01-12,2020,1,1,Cold,1
4153,2020-01-13,2020,1,1,Cold,1
4154,2020-01-14,2020,1,1,Cold,1
4155,2020-01-15,2020,1,1,Cold,1
4156,2020-01-16,2020,1,1,Cold,1
4157,2020-01-17,2020,1,1,Cold,1
4158,2020-01-18,2020,1,1,Cold,1
4159,2020-01-19,2020,1,1,Cold,1
4160,2020-01-20,2020,1,1,Cold,1
4161,2020-01-21,2020,1,1,Cold,1
4162,2020-01-22,2020,1,1,Cold,1
4163,2020-01-23,2020,1,1,Cold,1
4164,2020-01-24,2020,1,1,Cold,1
4165,2020-01-25,2020,1,1,Cold,1
4166,2020-01-26,2020,1,1,Cold,1
4167,2020-01-27,2020,1,1,Cold,1
4168,2020-01-28,2020,1,1,Cold,1
4169,2020-01-29,2020,1,1,Cold,1
4170,2020-01-30,2020,1,1,Cold,1
4171,2020-01-31,2020,1,1,Cold,1
4172,2020-02-01,2020,2,1,Cold,1
4173,2020-02-02,2020,2,1,Cold,1
4174,2020-02-03,2020,2,1,Cold,1
4175,2020-02-04,2020,2,1,Cold,1
4176,2020-02-05,2020,2,1,Cold,1
4177,2020-02-06,2020,2,1,Cold,1
4178,2020-02-07,2020,2,1,Cold,1
4179,2020-02-08,2020,2,1,Cold,1
4180,2020-02-09,2020,2,1,Cold,1
4181,2020-02-10,2020,2,1,Cold,1
4182,2020-02-11,2020,2,1,Cold,1
4183,2020-02-12,2020,2,1,Cold,1
4184,2020-02-13,2020,2,1,Cold,1
4185,2020-02-14,2020,2,1,Cold,1
4186,2020-02-15,2020,2,1,Cold,1
4187,2020-02-16,2020,2,1,Cold,1
4188,2020-02-17,2020,2,1,Cold,1
4189,2020-02-18,2020,2,1,Cold,1
4190,2020-02-19,2020,2,1,Cold,1
4191,2020-02-20,2020,2,1,Cold,1
4192,2020-02-21,2020,2,1,Cold,1
4193,2020-02-22,2020,2,1,Cold,1
4194,2020-02-23,2020,2,1,Cold,1
4195,2020-02-24,2020,2,1,Cold,1
4196,2020-02-25,2020,2,1,Cold,1
4197,2020-02-26,2020,2,1,Cold,1
4198,2020-02-27,2020,2,1,Cold,1
4199,2020-02-28,2020,2,1,Cold,1
4200,2020-02-29,2020,2,1,Cold,1
4201,2020-03-01,2020,3,1,Cold,1
4202,2020-03-02,2020,3,1,Cold,1
4203,2020-03-03,2020,3,1,Cold,1
4204,2020-03-04,2020,3,1,Cold,1
4205,2020-03-05,2020,3,1,Cold,1
4206,2020-03-06,2020,3,1,Cold,1
4207,2020-03-07,2020,3,1,Cold,1
4208,2020-03-08,2020,3,1,Cold,1
4209,2020-03-09,2020,3,1,Cold,1
4210,2020-03-10,2020,3,1,Cold,1
4211,2020-03-11,2020,3,1,Cold,1
4212,2020-03-12,2020,3,1,Cold,1
4213,2020-03-13,2020,3,1,Cold,1
4214,2020-03-14,2020,3,1,Cold,1
4215,2020-03-15,2020,3,1,Cold,1
4216,2020-03-16,2020,3,1,Cold,1
4217,2020-03-17,2020,3,1,Cold,1
4218,2020-03-18,2020,3,1,Cold,1
4219,2020-03-19,2020,3,1,Cold,1
4220,2020-03-20,2020,3,1,Cold,1
4221,2020-03-21,2020,3,1,Cold,1
4222,2020-03-22,2020,3,1,Cold,1
4223,2020-03-23,2020,3,1,Cold,1
4224,2020-03-24,2020,3,1,Cold,1
4225,2020-03-25,2020,3,1,Cold,1
4226,2020-03-26,2020,3,1,Cold,1
4227,2020-03-27,2020,3,1,Cold,1
4228,2020-03-28,2020,3,1,Cold,1
4229,2020-03-29,2020,3,1,Cold,1
4230,2020-03-30,2020,3,1,Cold,1
4231,2020-03-31,2020,3,1,Cold,1
4232,2020-04-01,2020,4,2,Cold,1
4233,2020-04-02,2020,4,2,Cold,1
4234,2020-04-03,2020,4,2,Cold,1
4235,2020-04-04,2020,4,2,Cold,1
4236,2020-04-05,2020,4,2,Cold,1
4237,2020-04-06,2020,4,2,Cold,1
4238,2020-04-07,2020,4,2,Cold,1
4239,2020-04-08,2020,4,2,Cold,1
4240,2020-04-09,2020,4,2,Cold,1
4241,2020-04-10,2020,4,2,Cold,1
4242,2020-04-11,2020,4,2,Cold,1
4243,2020-04-12,2020,4,2,Cold,1
4244,2020-04-13,2020,4,2,Cold,1
4245,2020-04-14,2020,4,2,Cold,1
4246,2020-04-15,2020,4,2,Cold,1
4247,2020-04-16,2020,4,2,Cold,1
4248,2020-04-17,2020,4,2,Cold,1
4249,2020-04-18,2020,4,2,Cold,1
4250,2020-04-19,2020,4,2,Cold,1
4251,2020-04-20,2020,4,2,Cold,1
4252,2020-04-21,2020,4,2,Cold,1
4253,2020-04-22,2020,4,2,Cold,1
4254,2020-04-23,2020,4,2,Cold,1
4255,2020-04-24,2020,4,2,Cold,1
4256,2020-04-25,2020,4,2,Cold,1
4257,2020-04-26,2020,4,2,Cold,1
4258,2020-04-27,2020,4,2,Cold,1
4259,2020-04-28,2020,4,2,Cold,1
4260,2020-04-29,2020,4,2,Cold,1
4261,2020-04-30,2020,4,2,Cold,1
4262,2020-05-01,2020,5,2,Warm,0
4263,2020-05-02,2020,5,2,Warm,0
4264,2020-05-03,2020,5,2,Warm,0
4265,2020-05-04,2020,5,2,Warm,0
4266,2020-05-05,2020,5,2,Warm,0
4267,2020-05-06,2020,5,2,Warm,0
4268,2020-05-07,2020,5,2,Warm,0
4269,2020-05-08,2020,5,2,Warm,0
4270,2020-05-09,2020,5,2,Warm,0
4271,2020-05-10,2020,5,2,Warm,0
4272,2020-05-11,2020,5,2,Warm,0
4273,2020-05-12,2020,5,2,Warm,0
4274,2020-05-13,2020,5,2,Warm,0
4275,2020-05-14,2020,5,2,Warm,0
4276,2020-05-15,2020,5,2,Warm,0
4277,2020-05-16,2020,5,2,Warm,0
4278,2020-05-17,2020,5,2,Warm,0
4279,2020-05-18,2020,5,2,Warm,0
4280,2020-05-19,2020,5,2,Warm,0
4281,2020-05-20,2020,5,2,Warm,0
4282,2020-05-21,2020,5,2,Warm,0
4283,2020-05-22,2020,5,2,Warm,0
4284,2020-05-23,2020,5,2,Warm,0
4285,2020-05-24,2020,5,2,Warm,0
4286,2020-05-25,2020,5,2,Warm,0
4287,2020-05-26,2020,5,2,Warm,0
4288,2020-05-27,2020,5,2,Warm,0
4289,2020-05-28,2020,5,2,Warm,0
4290,2020-05-29,2020,5,2,Warm,0
4291,2020-05-30,2020,5,2,Warm,0
4292,2020-05-31,2020,5,2,Warm,0
4293,2020-06-01,2020,6,2,Warm,0
4294,2020-06-02,2020,6,2,Warm,0
4295,2020-06-03,2020,6,2,Warm,0
4296,2020-06-04,2020,6,2,Warm,0
4297,2020-06-05,2020,6,2,Warm,0
4298,2020-06-06,2020,6,2,Warm,0
4299,2020-06-07,2020,6,2,Warm,0
4300,2020-06-08,2020,6,2,Warm,0
4301,2020-06-09,2020,6,2,Warm,0
4302,2020-06-10,2020,6,2,Warm,0
4303,2020-06-11,2020,6,2,Warm,0
4304,2020-06-12,2020,6,2,Warm,0
4305,2020-06-13,2020,6,2,Warm,0
4306,2020-06-14,2020,6,2,Warm,0
4307,2020-06-15,2020,6,2,Warm,0
4308,2020-06-16,2020,6,2,Warm,0
4309,2020-06-17,2020,6,2,Warm,0
4310,2020-06-18,2020,6,2,Warm,0
4311,2020-06-19,2020,6,2,Warm,0
4312,2020-06-20,2020,6,2,Warm,0
4313,2020-06-21,2020,6,2,Warm,0
4314,2020-06-22,2020,6,2,Warm,0
4315,2020-06-23,2020,6,2,Warm,0
4316,2020-06-24,2020,6,2,Warm,0
4317,2020-06-25,2020,6,2,Warm,0
4318,2020-06-26,2020,6,2,Warm,0
4319,2020-06-27,2020,6,2,Warm,0
4320,2020-06-28,2020,6,2,Warm,0
4321,2020-06-29,2020,6,2,Warm,0
4322,2020-06-30,2020,6,2,Warm,0
4323,2020-07-01,2020,7,3,Warm,0
4324,2020-07-02,2020,7,3,Warm,0
4325,2020-07-03,2020,7,3,Warm,0
4326,2020-07-04,2020,7,3,Warm,0
4327,2020-07-05,2020,7,3,Warm,0
4328,2020-07-06,2020,7,3,Warm,0
4329,2020-07-07,2020,7,3,Warm,0
4330,2020-07-08,2020,7,3,Warm,0
4331,2020-07-09,2020,7,3,Warm,0
4332,2020-07-10,2020,7,3,Warm,0
4333,2020-07-11,2020,7,3,Warm,0
4334,2020-07-12,2020,7,3,Warm,0
4335,2020-07-13,2020,7,3,Warm,0
4336,2020-07-14,2020,7,3,Warm,0
4337,2020-07-15,2020,7,3,Warm,0
4338,2020-07-16,2020,7,3,Warm,0
4339,2020-07-17,2020,7,3,Warm,0
4340,2020-07-18,2020,7,3,Warm,0
4341,2020-07-19,2020,7,3,Warm,0
4342,2020-07-20,2020,7,3,Warm,0
4343,2020-07-21,2020,7,3,Warm,0
4344,2020-07-22,2020,7,3,Warm,0
4345,2020-07-23,2020,7,3,Warm,0
4346,2020-07-24,2020,7,3,Warm,0
4347,2020-07-25,2020,7,3,Warm,0
4348,2020-07-26,2020,7,3,Warm,0
4349,2020-07-27,2020,7,3,Warm,0
4350,2020-07-28,2020,7,3,Warm,0
4351,2020-07-29,2020,7,3,Warm,0
4352,2020-07-30,2020,7,3,Warm,0
4353,2020-07-31,2020,7,3,Warm,0
4354,2020-08-01,2020,8,3,Warm,0
4355,2020-08-02,2020,8,3,Warm,0
4356,2020-08-03,2020,8,3,Warm,0
4357,2020-08-04,2020,8,3,Warm,0
4358,2020-08-05,2020,8,3,Warm,0
4359,2020-08-06,2020,8,3,Warm,0
4360,2020-08-07,2020,8,3,Warm,0
4361,2020-08-08,2020,8,3,Warm,0
4362,2020-08-09,2020,8,3,Warm,0
4363,2020-08-10,2020,8,3,Warm,0
4364,2020-08-11,2020,8,3,Warm,0
4365,2020-08-12,2020,8,3,Warm,0
4366,2020-08-13,2020,8,3,Warm,0
4367,2020-08-14,2020,8,3,Warm,0
4368,2020-08-15,2020,8,3,Warm,0
4369,2020-08-16,2020,8,3,Warm,0
4370,2020-08-17,2020,8,3,Warm,0
4371,2020-08-18,2020,8,3,Warm,0
4372,2020-08-19,2020,8,3,Warm,0
4373,2020-08-20,2020,8,3,Warm,0
4374,2020-08-21,2020,8,3,Warm,0
4375,2020-08-22,2020,8,3,Warm,0
4376,2020-08-23,2020,8,3,Warm,0
4377,2020-08-24,2020,8,3,Warm,0
4378,2020-08-25,2020,8,3,Warm,0
4379,2020-08-26,2020,8,3,Warm,0
4380,2020-08-27,2020,8,3,Warm,0
4381,2020-08-28,2020,8,3,Warm,0
4382,2020-08-29,2020,8,3,Warm,0
4383,2020-08-30,2020,8,3,Warm,0
4384,2020-08-31,2020,8,3,Warm,0
4385,2020-09-01,2020,9,3,Warm,0
4386,2020-09-02,2020,9,3,Warm,0
4387,2020-09-03,2020,9,3,Warm,0
4388,2020-09-04,2020,9,3,Warm,0
4389,2020-09-05,2020,9,3,Warm,0
4390,2020-09-06,2020,9,3,Warm,0
4391,2020-09-07,2020,9,3,Warm,0
4392,2020-09-08,2020,9,3,Warm,0
4393,2020-09-09,2020,9,3,Warm,0
4394,2020-09-10,2020,9,3,Warm,0
4395,2020-09-11,2020,9,3,Warm,0
4396,2020-09-12,2020,9,3,Warm,0
4397,2020-09-13,2020,9,3,Warm,0
4398,2020-09-14,2020,9,3,Warm,0
4399,2020-09-15,2020,9,3,Warm,0
4400,2020-09-16,2020,9,3,Warm,0
4401,2020-09-17,2020,9,3,Warm,0
4402,2020-09-18,2020,9,3,Warm,0
4403,2020-09-19,2020,9,3,Warm,0
4404,2020-09-20,2020,9,3,Warm,0
4405,2020-09-21,2020,9,3,Warm,0
4406,2020-09-22,2020,9,3,Warm,0
4407,2020-09-23,2020,9,3,Warm,0
4408,2020-09-24,2020,9,3,Warm,0
4409,2020-09-25,2020,9,3,Warm,0
4410,2020-09-26,2020,9,3,Warm,0
4411,2020-09-27,2020,9,3,Warm,0
4412,2020-09-28,2020,9,3,Warm,0
4413,2020-09-29,2020,9,3,Warm,0
4414,2020-09-30,2020,9,3,Warm,0
4415,2020-10-01,2020,10,4,Warm,0
4416,2020-10-02,2020,10,4,Warm,0
4417,2020-10-03,2020,10,4,Warm,0
4418,2020-10-04,2020,10,4,Warm,0
4419,2020-10-05,2020,10,4,Warm,0
4420,2020-10-06,2020,10,4,Warm,0
4421,2020-10-07,2020,10,4,Warm,0
4422,2020-10-08,2020,10,4,Warm,0
4423,2020-10-09,2020,10,4,Warm,0
4424,2020-10-10,2020,10,4,Warm,0
4425,2020-10-11,2020,10,4,Warm,0
4426,2020-10-12,2020,10,4,Warm,0
4427,2020-10-13,2020,10,4,Warm,0
4428,2020-10-14,2020,10,4,Warm,0
4429,2020-10-15,2020,10,4,Warm,0
4430,2020-10-16,2020,10,4,Warm,0
4431,2020-10-17,2020,10,4,Warm,0
4432,2020-10-18,2020,10,4,Warm,0
4433,2020-10-19,2020,10,4,Warm,0
4434,2020-10-20,2020,10,4,Warm,0
4435,2020-10-21,2020,10,4,Warm,0
4436,2020-10-22,2020,10,4,Warm,0
4437,2020-10-23,2020,10,4,Warm,0
4438,2020-10-24,2020,10,4,Warm,0
4439,2020-10-25,2020,10,4,Warm,0
4440,2020-10-26,2020,10,4,Warm,0
4441,2020-10-27,2020,10,4,Warm,0
4442,2020-10-28,2020,10,4,Warm,0
4443,2020-10-29,2020,10,4,Warm,0
4444,2020-10-30,2020,10,4,Warm,0
4445,2020-10-31,2020,10,4,Warm,0
4446,2020-11-01,2020,11,4,Warm,0
4447,2020-11-02,2020,11,4,Warm,0
4448,2020-11-03,2020,11,4,Warm,0
4449,2020-11-04,2020,11,4,Warm,0
4450,2020-11-05,2020,11,4,Warm,0
4451,2020-11-06,2020,11,4,Warm,0
4452,2020-11-07,2020,11,4,Warm,0
4453,2020-11-08,2020,11,4,Warm,0
4454,2020-11-09,2020,11,4,Warm,0
4455,2020-11-10,2020,11,4,Warm,0
4456,2020-11-11,2020,11,4,Warm,0
4457,2020-11-12,2020,11,4,Warm,0
4458,2020-11-13,2020,11,4,Warm,0
4459,2020-11-14,2020,11,4,Warm,0
4460,2020-11-15,2020,11,4,Warm,0
4461,2020-11-16,2020,11,4,Warm,0
4462,2020-11-17,2020,11,4,Warm,0
4463,2020-11-18,2020,11,4,Warm,0
4464,2020-11-19,2020,11,4,Warm,0
4465,2020-11-20,2020,11,4,Warm,0
4466,2020-11-21,2020,11,4,Warm,0
4467,2020-11-22,2020,11,4,Warm,0
4468,2020-11-23,2020,11,4,Warm,0
4469,2020-11-24,2020,11,4,Warm,0
4470,2020-11-25,2020,11,4,Warm,0
4471,2020-11-26,2020,11,4,Warm,0
4472,2020-11-27,2020,11,4,Warm,0
4473,2020-11-28,2020,11,4,Warm,0
4474,2020-11-29,2020,11,4,Warm,0
4475,2020-11-30,2020,11,4,Warm,0
4476,2020-12-01,2020,12,4,Warm,0
4477,2020-12-02,2020,12,4,Warm,0
4478,2020-12-03,2020,12,4,Warm,0
4479,2020-12-04,2020,12,4,Warm,0
4480,2020-12-05,2020,12,4,Warm,0
4481,2020-12-06,2020,12,4,Warm,0
4482,2020-12-07,2020,12,4,Warm,0
4483,2020-12-08,2020,12,4,Warm,0
4484,2020-12-09,2020,12,4,Warm,0
4485,2020-12-10,2020,12,4,Warm,0
4486,2020-12-11,2020,12,4,Warm,0
4487,2020-12-12,2020,12,4,Warm,0
4488,2020-12-13,2020,12,4,Warm,0
4489,2020-12-14,2020,12,4,Warm,0
4490,2020-12-15,2020,12,4,Warm,0
4491,2020-12-16,2020,12,4,Warm,0
4492,2020-12-17,2020,12,4,Warm,0
4493,2020-12-18,2020,12,4,Warm,0
4494,2020-12-19,2020,12,4,Warm,0
4495,2020-12-20,2020,12,4,Warm,0
4496,2020-12-21,2020,12,4,Warm,0
4497,2020-12-22,2020,12,4,Warm,0
4498,2020-12-23,2020,12,4,Warm,0
4499,2020-12-24,2020,12,4,Warm,0
4500,2020-12-25,2020,12,4,Warm,0
4501,2020-12-26,2020,12,4,Warm,0
4502,2020-12-27,2020,12,4,Warm,0
4503,2020-12-28,2020,12,4,Warm,0
4504,2020-12-29,2020,12,4,Warm,0
4505,2020-12-30,2020,12,4,Warm,0
4506,2020-12-31,2020,12,4,Warm,0
4507,2021-01-01,2021,1,1,Cold,1
4508,2021-01-02,2021,1,1,Cold,1
4509,2021-01-03,2021,1,1,Cold,1
4510,2021-01-04,2021,1,1,Cold,1
4511,2021-01-05,2021,1,1,Cold,1
4512,2021-01-06,2021,1,1,Cold,1
4513,2021-01-07,2021,1,1,Cold,1
4514,2021-01-08,2021,1,1,Cold,1
4515,2021-01-09,2021,1,1,Cold,1
4516,2021-01-10,2021,1,1,Cold,1
4517,2021-01-11,2021,1,1,Cold,1
4518,2021-01-12,2021,1,1,Cold,1
4519,2021-01-13,2021,1,1,Cold,1
4520,2021-01-14,2021,1,1,Cold,1
4521,2021-01-15,2021,1,1,Cold,1
4522,2021-01-16,2021,1,1,Cold,1
4523,2021-01-17,2021,1,1,Cold,1
4524,2021-01-18,2021,1,1,Cold,1
4525,2021-01-19,2021,1,1,Cold,1
4526,2021-01-20,2021,1,1,Cold,1
4527,2021-01-21,2021,1,1,Cold,1
4528,2021-01-22,2021,1,1,Cold,1
4529,2021-01-23,2021,1,1,Cold,1
4530,2021-01-24,2021,1,1,Cold,1
4531,2021-01-25,2021,1,1,Cold,1
4532,2021-01-26,2021,1,1,Cold,1
4533,2021-01-27,2021,1,1,Cold,1
4534,2021-01-28,2021,1,1,Cold,1
4535,2021-01-29,2021,1,1,Cold,1
4536,2021-01-30,2021,1,1,Cold,1
4537,2021-01-31,2021,1,1,Cold,1
4538,2021-02-01,2021,2,1,Cold,1
4539,2021-02-02,2021,2,1,Cold,1
4540,2021-02-03,2021,2,1,Cold,1
4541,2021-02-04,2021,2,1,Cold,1
4542,2021-02-05,2021,2,1,Cold,1
4543,2021-02-06,2021,2,1,Cold,1
4544,2021-02-07,2021,2,1,Cold,1
4545,2021-02-08,2021,2,1,Cold,1
4546,2021-02-09,2021,2,1,Cold,1
4547,2021-02-10,2021,2,1,Cold,1
4548,2021-02-11,2021,2,1,Cold,1
4549,2021-02-12,2021,2,1,Cold,1
4550,2021-02-13,2021,2,1,Cold,1
4551,2021-02-14,2021,2,1,Cold,1
4552,2021-02-15,2021,2,1,Cold,1
4553,2021-02-16,2021,2,1,Cold,1
4554,2021-02-17,2021,2,1,Cold,1
4555,2021-02-18,2021,2,1,Cold,1
4556,2021-02-19,2021,2,1,Cold,1
4557,2021-02-20,2021,2,1,Cold,1
4558,2021-02-21,2021,2,1,Cold,1
4559,2021-02-22,2021,2,1,Cold,1
4560,2021-02-23,2021,2,1,Cold,1
4561,2021-02-24,2021,2,1,Cold,1
4562,2021-02-25,2021,2,1,Cold,1
4563,2021-02-26,2021,2,1,Cold,1
4564,2021-02-27,2021,2,1,Cold,1
4565,2021-02-28,2021,2,1,Cold,1
4566,2021-03-01,2021,3,1,Cold,1
4567,2021-03-02,2021,3,1,Cold,1
4568,2021-03-03,2021,3,1,Cold,1
4569,2021-03-04,2021,3,1,Cold,1
4570,2021-03-05,2021,3,1,Cold,1
4571,2021-03-06,2021,3,1,Cold,1
4572,2021-03-07,2021,3,1,Cold,1
4573,2021-03-08,2021,3,1,Cold,1
4574,2021-03-09,2021,3,1,Cold,1
4575,2021-03-10,2021,3,1,Cold,1
4576,2021-03-11,2021,3,1,Cold,1
4577,2021-03-12,2021,3,1,Cold,1
4578,2021-03-13,2021,3,1,Cold,1
4579,2021-03-14,2021,3,1,Cold,1
4580,2021-03-15,2021,3,1,Cold,1
4581,2021-03-16,2021,3,1,Cold,1
4582,2021-03-17,2021,3,1,Cold,1
4583,2021-03-18,2021,3,1,Cold,1
4584,2021-03-19,2021,3,1,Cold,1
4585,2021-03-20,2021,3,1,Cold,1
4586,2021-03-21,2021,3,1,Cold,1
4587,2021-03-22,2021,3,1,Cold,1
4588,2021-03-23,2021,3,1,Cold,1
4589,2021-03-24,2021,3,1,Cold,1
4590,2021-03-25,2021,3,1,Cold,1
4591,2021-03-26,2021,3,1,Cold,1
4592,2021-03-27,2021,3,1,Cold,1
4593,2021-03-28,2021,3,1,Cold,1
4594,2021-03-29,2021,3,1,Cold,1
4595,2021-03-30,2021,3,1,Cold,1
4596,2021-03-31,2021,3,1,Cold,1
4597,2021-04-01,2021,4,2,Cold,1
4598,2021-04-02,2021,4,2,Cold,1
4599,2021-04-03,2021,4,2,Cold,1
4600,2021-04-04,2021,4,2,Cold,1
4601,2021-04-05,2021,4,2,Cold,1
4602,2021-04-06,2021,4,2,Cold,1
4603,2021-04-07,2021,4,2,Cold,1
4604,2021-04-08,2021,4,2,Cold,1
4605,2021-04-09,2021,4,2,Cold,1
4606,2021-04-10,2021,4,2,Cold,1
4607,2021-04-11,2021,4,2,Cold,1
4608,2021-04-12,2021,4,2,Cold,1
4609,2021-04-13,2021,4,2,Cold,1
4610,2021-04-14,2021,4,2,Cold,1
4611,2021-04-15,2021,4,2,Cold,1
4612,2021-04-16,2021,4,2,Cold,1
4613,2021-04-17,2021,4,2,Cold,1
4614,2021-04-18,2021,4,2,Cold,1
4615,2021-04-19,2021,4,2,Cold,1
4616,2021-04-20,2021,4,2,Cold,1
4617,2021-04-21,2021,4,2,Cold,1
4618,2021-04-22,2021,4,2,Cold,1
4619,2021-04-23,2021,4,2,Cold,1
4620,2021-04-24,2021,4,2,Cold,1
4621,2021-04-25,2021,4,2,Cold,1
4622,2021-04-26,2021,4,2,Cold,1
4623,2021-04-27,2021,4,2,Cold,1
4624,2021-04-28,2021,4,2,Cold,1
4625,2021-04-29,2021,4,2,Cold,1
4626,2021-04-30,2021,4,2,Cold,1
4627,2021-05-01,2021,5,2,Warm,0
4628,2021-05-02,2021,5,2,Warm,0
4629,2021-05-03,2021,5,2,Warm,0
4630,2021-05-04,2021,5,2,Warm,0
4631,2021-05-05,2021,5,2,Warm,0
4632,2021-05-06,2021,5,2,Warm,0
4633,2021-05-07,2021,5,2,Warm,0
4634,2021-05-08,2021,5,2,Warm,0
4635,2021-05-09,2021,5,2,Warm,0
4636,2021-05-10,2021,5,2,Warm,0
4637,2021-05-11,2021,5,2,Warm,0
4638,2021-05-12,2021,5,2,Warm,0
4639,2021-05-13,2021,5,2,Warm,0
4640,2021-05-14,2021,5,2,Warm,0
4641,2021-05-15,2021,5,2,Warm,0
4642,2021-05-16,2021,5,2,Warm,0
4643,2021-05-17,2021,5,2,Warm,0
4644,2021-05-18,2021,5,2,Warm,0
4645,2021-05-19,2021,5,2,Warm,0
4646,2021-05-20,2021,5,2,Warm,0
4647,2021-05-21,2021,5,2,Warm,0
4648,2021-05-22,2021,5,2,Warm,0
4649,2021-05-23,2021,5,2,Warm,0
4650,2021-05-24,2021,5,2,Warm,0
4651,2021-05-25,2021,5,2,Warm,0
4652,2021-05-26,2021,5,2,Warm,0
4653,2021-05-27,2021,5,2,Warm,0
4654,2021-05-28,2021,5,2,Warm,0
4655,2021-05-29,2021,5,2,Warm,0
4656,2021-05-30,2021,5,2,Warm,0
4657,2021-05-31,2021,5,2,Warm,0
4658,2021-06-01,2021,6,2,Warm,0
4659,2021-06-02,2021,6,2,Warm,0
4660,2021-06-03,2021,6,2,Warm,0
4661,2021-06-04,2021,6,2,Warm,0
4662,2021-06-05,2021,6,2,Warm,0
4663,2021-06-06,2021,6,2,Warm,0
4664,2021-06-07,2021,6,2,Warm,0
4665,2021-06-08,2021,6,2,Warm,0
4666,2021-06-09,2021,6,2,Warm,0
4667,2021-06-10,2021,6,2,Warm,0
4668,2021-06-11,2021,6,2,Warm,0
4669,2021-06-12,2021,6,2,Warm,0
4670,2021-06-13,2021,6,2,Warm,0
4671,2021-06-14,2021,6,2,Warm,0
4672,2021-06-15,2021,6,2,Warm,0
4673,2021-06-16,2021,6,2,Warm,0
4674,2021-06-17,2021,6,2,Warm,0
4675,2021-06-18,2021,6,2,Warm,0
4676,2021-06-19,2021,6,2,Warm,0
4677,2021-06-20,2021,6,2,Warm,0
4678,2021-06-21,2021,6,2,Warm,0
4679,2021-06-22,2021,6,2,Warm,0
4680,2021-06-23,2021,6,2,Warm,0
4681,2021-06-24,2021,6,2,Warm,0
4682,2021-06-25,2021,6,2,Warm,0
4683,2021-06-26,2021,6,2,Warm,0
4684,2021-06-27,2021,6,2,Warm,0
4685,2021-06-28,2021,6,2,Warm,0
4686,2021-06-29,2021,6,2,Warm,0
4687,2021-06-30,2021,6,2,Warm,0
4688,2021-07-01,2021,7,3,Warm,0
4689,2021-07-02,2021,7,3,Warm,0
4690,2021-07-03,2021,7,3,Warm,0
4691,2021-07-04,2021,7,3,Warm,0
4692,2021-07-05,2021,7,3,Warm,0
4693,2021-07-06,2021,7,3,Warm,0
4694,2021-07-07,2021,7,3,Warm,0
4695,2021-07-08,2021,7,3,Warm,0
4696,2021-07-09,2021,7,3,Warm,0
4697,2021-07-10,2021,7,3,Warm,0
4698,2021-07-11,2021,7,3,Warm,0
4699,2021-07-12,2021,7,3,Warm,0
4700,2021-07-13,2021,7,3,Warm,0
4701,2021-07-14,2021,7,3,Warm,0
4702,2021-07-15,2021,7,3,Warm,0
4703,2021-07-16,2021,7,3,Warm,0
4704,2021-07-17,2021,7,3,Warm,0
4705,2021-07-18,2021,7,3,Warm,0
4706,2021-07-19,2021,7,3,Warm,0
4707,2021-07-20,2021,7,3,Warm,0
4708,2021-07-21,2021,7,3,Warm,0
4709,2021-07-22,2021,7,3,Warm,0
4710,2021-07-23,2021,7,3,Warm,0
4711,2021-07-24,2021,7,3,Warm,0
4712,2021-07-25,2021,7,3,Warm,0
4713,2021-07-26,2021,7,3,Warm,0
4714,2021-07-27,2021,7,3,Warm,0
4715,2021-07-28,2021,7,3,Warm,0
4716,2021-07-29,2021,7,3,Warm,0
4717,2021-07-30,2021,7,3,Warm,0
4718,2021-07-31,2021,7,3,Warm,0
4719,2021-08-01,2021,8,3,Warm,0
4720,2021-08-02,2021,8,3,Warm,0
4721,2021-08-03,2021,8,3,Warm,0
4722,2021-08-04,2021,8,3,Warm,0
4723,2021-08-05,2021,8,3,Warm,0
4724,2021-08-06,2021,8,3,Warm,0
4725,2021-08-07,2021,8,3,Warm,0
4726,2021-08-08,2021,8,3,Warm,0
4727,2021-08-09,2021,8,3,Warm,0
4728,2021-08-10,2021,8,3,Warm,0
4729,2021-08-11,2021,8,3,Warm,0
4730,2021-08-12,2021,8,3,Warm,0
4731,2021-08-13,2021,8,3,Warm,0
4732,2021-08-14,2021,8,3,Warm,0
4733,2021-08-15,2021,8,3,Warm,0
4734,2021-08-16,2021,8,3,Warm,0
4735,2021-08-17,2021,8,3,Warm,0
4736,2021-08-18,2021,8,3,Warm,0
4737,2021-08-19,2021,8,3,Warm,0
4738,2021-08-20,2021,8,3,Warm,0
4739,2021-08-21,2021,8,3,Warm,0
4740,2021-08-22,2021,8,3,Warm,0
4741,2021-08-23,2021,8,3,Warm,0
4742,2021-08-24,2021,8,3,Warm,0
4743,2021-08-25,2021,8,3,Warm,0
4744,2021-08-26,2021,8,3,Warm,0
4745,2021-08-27,2021,8,3,Warm,0
4746,2021-08-28,2021,8,3,Warm,0
4747,2021-08-29,2021,8,3,Warm,0
4748,2021-08-30,2021,8,3,Warm,0
4749,2021-08-31,2021,8,3,Warm,0
4750,2021-09-01,2021,9,3,Warm,0
4751,2021-09-02,2021,9,3,Warm,0
4752,2021-09-03,2021,9,3,Warm,0
4753,2021-09-04,2021,9,3,Warm,0
4754,2021-09-05,2021,9,3,Warm,0
4755,2021-09-06,2021,9,3,Warm,0
4756,2021-09-07,2021,9,3,Warm,0
4757,2021-09-08,2021,9,3,Warm,0
4758,2021-09-09,2021,9,3,Warm,0
4759,2021-09-10,2021,9,3,Warm,0
4760,2021-09-11,2021,9,3,Warm,0
4761,2021-09-12,2021,9,3,Warm,0
4762,2021-09-13,2021,9,3,Warm,0
4763,2021-09-14,2021,9,3,Warm,0
4764,2021-09-15,2021,9,3,Warm,0
4765,2021-09-16,2021,9,3,Warm,0
4766,2021-09-17,2021,9,3,Warm,0
4767,2021-09-18,2021,9,3,Warm,0
4768,2021-09-19,2021,9,3,Warm,0
4769,2021-09-20,2021,9,3,Warm,0
4770,2021-09-21,2021,9,3,Warm,0
4771,2021-09-22,2021,9,3,Warm,0
4772,2021-09-23,2021,9,3,Warm,0
4773,2021-09-24,2021,9,3,Warm,0
4774,2021-09-25,2021,9,3,Warm,0
4775,2021-09-26,2021,9,3,Warm,0
4776,2021-09-27,2021,9,3,Warm,0
4777,2021-09-28,2021,9,3,Warm,0
4778,2021-09-29,2021,9,3,Warm,0
4779,2021-09-30,2021,9,3,Warm,0
4780,2021-10-01,2021,10,4,Warm,0
4781,2021-10-02,2021,10,4,Warm,0
4782,2021-10-03,2021,10,4,Warm,0
4783,2021-10-04,2021,10,4,Warm,0
4784,2021-10-05,2021,10,4,Warm,0
4785,2021-10-06,2021,10,4,Warm,0
4786,2021-10-07,2021,10,4,Warm,0
4787,2021-10-08,2021,10,4,Warm,0
4788,2021-10-09,2021,10,4,Warm,0
4789,2021-10-10,2021,10,4,Warm,0
4790,2021-10-11,2021,10,4,Warm,0
4791,2021-10-12,2021,10,4,Warm,0
4792,2021-10-13,2021,10,4,Warm,0
4793,2021-10-14,2021,10,4,Warm,0
4794,2021-10-15,2021,10,4,Warm,0
4795,2021-10-16,2021,10,4,Warm,0
4796,2021-10-17,2021,10,4,Warm,0
4797,2021-10-18,2021,10,4,Warm,0
4798,2021-10-19,2021,10,4,Warm,0
4799,2021-10-20,2021,10,4,Warm,0
4800,2021-10-21,2021,10,4,Warm,0
4801,2021-10-22,2021,10,4,Warm,0
4802,2021-10-23,2021,10,4,Warm,0
4803,2021-10-24,2021,10,4,Warm,0
4804,2021-10-25,2021,10,4,Warm,0
4805,2021-10-26,2021,10,4,Warm,0
4806,2021-10-27,2021,10,4,Warm,0
4807,2021-10-28,2021,10,4,Warm,0
4808,2021-10-29,2021,10,4,Warm,0
4809,2021-10-30,2021,10,4,Warm,0
4810,2021-10-31,2021,10,4,Warm,0
4811,2021-11-01,2021,11,4,Warm,0
4812,2021-11-02,2021,11,4,Warm,0
4813,2021-11-03,2021,11,4,Warm,0
4814,2021-11-04,2021,11,4,Warm,0
4815,2021-11-05,2021,11,4,Warm,0
4816,2021-11-06,2021,11,4,Warm,0
4817,2021-11-07,2021,11,4,Warm,0
4818,2021-11-08,2021,11,4,Warm,0
4819,2021-11-09,2021,11,4,Warm,0
4820,2021-11-10,2021,11,4,Warm,0
4821,2021-11-11,2021,11,4,Warm,0
4822,2021-11-12,2021,11,4,Warm,0
4823,2021-11-13,2021,11,4,Warm,0
4824,2021-11-14,2021,11,4,Warm,0
4825,2021-11-15,2021,11,4,Warm,0
4826,2021-11-16,2021,11,4,Warm,0
4827,2021-11-17,2021,11,4,Warm,0
4828,2021-11-18,2021,11,4,Warm,0
4829,2021-11-19,2021,11,4,Warm,0
4830,2021-11-20,2021,11,4,Warm,0
4831,2021-11-21,2021,11,4,Warm,0
4832,2021-11-22,2021,11,4,Warm,0
4833,2021-11-23,2021,11,4,Warm,0
4834,2021-11-24,2021,11,4,Warm,0
4835,2021-11-25,2021,11,4,Warm,0
4836,2021-11-26,2021,11,4,Warm,0
4837,2021-11-27,2021,11,4,Warm,0
4838,2021-11-28,2021,11,4,Warm,0
4839,2021-11-29,2021,11,4,Warm,0
4840,2021-11-30,2021,11,4,Warm,0
4841,2021-12-01,2021,12,4,Warm,0
4842,2021-12-02,2021,12,4,Warm,0
4843,2021-12-03,2021,12,4,Warm,0
4844,2021-12-04,2021,12,4,Warm,0
4845,2021-12-05,2021,12,4,Warm,0
4846,2021-12-06,2021,12,4,Warm,0
4847,2021-12-07,2021,12,4,Warm,0
4848,2021-12-08,2021,12,4,Warm,0
4849,2021-12-09,2021,12,4,Warm,0
4850,2021-12-10,2021,12,4,Warm,0
4851,2021-12-11,2021,12,4,Warm,0
4852,2021-12-12,2021,12,4,Warm,0
4853,2021-12-13,2021,12,4,Warm,0
4854,2021-12-14,2021,12,4,Warm,0
4855,2021-12-15,2021,12,4,Warm,0
4856,2021-12-16,2021,12,4,Warm,0
4857,2021-12-17,2021,12,4,Warm,0
4858,2021-12-18,2021,12,4,Warm,0
4859,2021-12-19,2021,12,4,Warm,0
4860,2021-12-20,2021,12,4,Warm,0
4861,2021-12-21,2021,12,4,Warm,0
4862,2021-12-22,2021,12,4,Warm,0
4863,2021-12-23,2021,12,4,Warm,0
4864,2021-12-24,2021,12,4,Warm,0
4865,2021-12-25,2021,12,4,Warm,0
4866,2021-12-26,2021,12,4,Warm,0
4867,2021-12-27,2021,12,4,Warm,0
4868,2021-12-28,2021,12,4,Warm,0
4869,2021-12-29,2021,12,4,Warm,0
4870,2021-12-30,2021,12,4,Warm,0
4871,2021-12-31,2021,12,4,Warm,0
4872,2022-01-01,2022,1,1,Cold,1
4873,2022-01-02,2022,1,1,Cold,1
4874,2022-01-03,2022,1,1,Cold,1
4875,2022-01-04,2022,1,1,Cold,1
4876,2022-01-05,2022,1,1,Cold,1
4877,2022-01-06,2022,1,1,Cold,1
4878,2022-01-07,2022,1,1,Cold,1
4879,2022-01-08,2022,1,1,Cold,1
4880,2022-01-09,2022,1,1,Cold,1
4881,2022-01-10,2022,1,1,Cold,1
4882,2022-01-11,2022,1,1,Cold,1
4883,2022-01-12,2022,1,1,Cold,1
4884,2022-01-13,2022,1,1,Cold,1
4885,2022-01-14,2022,1,1,Cold,1
4886,2022-01-15,2022,1,1,Cold,1
4887,2022-01-16,2022,1,1,Cold,1
4888,2022-01-17,2022,1,1,Cold,1
4889,2022-01-18,2022,1,1,Cold,1
4890,2022-01-19,2022,1,1,Cold,1
4891,2022-01-20,2022,1,1,Cold,1
4892,2022-01-21,2022,1,1,Cold,1
4893,2022-01-22,2022,1,1,Cold,1
4894,2022-01-23,2022,1,1,Cold,1
4895,2022-01-24,2022,1,1,Cold,1
4896,2022-01-25,2022,1,1,Cold,1
4897,2022-01-26,2022,1,1,Cold,1
4898,2022-01-27,2022,1,1,Cold,1
4899,2022-01-28,2022,1,1,Cold,1
4900,2022-01-29,2022,1,1,Cold,1
4901,2022-01-30,2022,1,1,Cold,1
4902,2022-01-31,2022,1,1,Cold,1
4903,2022-02-01,2022,2,1,Cold,1
4904,2022-02-02,2022,2,1,Cold,1
4905,2022-02-03,2022,2,1,Cold,1
4906,2022-02-04,2022,2,1,Cold,1
4907,2022-02-05,2022,2,1,Cold,1
4908,2022-02-06,2022,2,1,Cold,1
4909,2022-02-07,2022,2,1,Cold,1
4910,2022-02-08,2022,2,1,Cold,1
4911,2022-02-09,2022,2,1,Cold,1
4912,2022-02-10,2022,2,1,Cold,1
4913,2022-02-11,2022,2,1,Cold,1
4914,2022-02-12,2022,2,1,Cold,1
4915,2022-02-13,2022,2,1,Cold,1
4916,2022-02-14,2022,2,1,Cold,1
4917,2022-02-15,2022,2,1,Cold,1
4918,2022-02-16,2022,2,1,Cold,1
4919,2022-02-17,2022,2,1,Cold,1
4920,2022-02-18,2022,2,1,Cold,1
4921,2022-02-19,2022,2,1,Cold,1
4922,2022-02-20,2022,2,1,Cold,1
4923,2022-02-21,2022,2,1,Cold,1
4924,2022-02-22,2022,2,1,Cold,1
4925,2022-02-23,2022,2,1,Cold,1
4926,2022-02-24,2022,2,1,Cold,1
4927,2022-02-25,2022,2,1,Cold,1
4928,2022-02-26,2022,2,1,Cold,1
4929,2022-02-27,2022,2,1,Cold,1
4930,2022-02-28,2022,2,1,Cold,1
4931,2022-03-01,2022,3,1,Cold,1
4932,2022-03-02,2022,3,1,Cold,1
4933,2022-03-03,2022,3,1,Cold,1
4934,2022-03-04,2022,3,1,Cold,1
4935,2022-03-05,2022,3,1,Cold,1
4936,2022-03-06,2022,3,1,Cold,1
4937,2022-03-07,2022,3,1,Cold,1
4938,2022-03-08,2022,3,1,Cold,1
4939,2022-03-09,2022,3,1,Cold,1
4940,2022-03-10,2022,3,1,Cold,1
4941,2022-03-11,2022,3,1,Cold,1
4942,2022-03-12,2022,3,1,Cold,1
4943,2022-03-13,2022,3,1,Cold,1
4944,2022-03-14,2022,3,1,Cold,1
4945,2022-03-15,2022,3,1,Cold,1
4946,2022-03-16,2022,3,1,Cold,1
4947,2022-03-17,2022,3,1,Cold,1
4948,2022-03-18,2022,3,1,Cold,1
4949,2022-03-19,2022,3,1,Cold,1
4950,2022-03-20,2022,3,1,Cold,1
4951,2022-03-21,2022,3,1,Cold,1
4952,2022-03-22,2022,3,1,Cold,1
4953,2022-03-23,2022,3,1,Cold,1
4954,2022-03-24,2022,3,1,Cold,1
4955,2022-03-25,2022,3,1,Cold,1
4956,2022-03-26,2022,3,1,Cold,1
4957,2022-03-27,2022,3,1,Cold,1
4958,2022-03-28,2022,3,1,Cold,1
4959,2022-03-29,2022,3,1,Cold,1
4960,2022-03-30,2022,3,1,Cold,1
4961,2022-03-31,2022,3,1,Cold,1
4962,2022-04-01,2022,4,2,Cold,1
4963,2022-04-02,2022,4,2,Cold,1
4964,2022-04-03,2022,4,2,Cold,1
4965,2022-04-04,2022,4,2,Cold,1
4966,2022-04-05,2022,4,2,Cold,1
4967,2022-04-06,2022,4,2,Cold,1
4968,2022-04-07,2022,4,2,Cold,1
4969,2022-04-08,2022,4,2,Cold,1
4970,2022-04-09,2022,4,2,Cold,1
4971,2022-04-10,2022,4,2,Cold,1
4972,2022-04-11,2022,4,2,Cold,1
4973,2022-04-12,2022,4,2,Cold,1
4974,2022-04-13,2022,4,2,Cold,1
4975,2022-04-14,2022,4,2,Cold,1
4976,2022-04-15,2022,4,2,Cold,1
4977,2022-04-16,2022,4,2,Cold,1
4978,2022-04-17,2022,4,2,Cold,1
4979,2022-04-18,2022,4,2,Cold,1
4980,2022-04-19,2022,4,2,Cold,1
4981,2022-04-20,2022,4,2,Cold,1
4982,2022-04-21,2022,4,2,Cold,1
4983,2022-04-22,2022,4,2,Cold,1
4984,2022-04-23,2022,4,2,Cold,1
4985,2022-04-24,2022,4,2,Cold,1
4986,2022-04-25,2022,4,2,Cold,1
4987,2022-04-26,2022,4,2,Cold,1
4988,2022-04-27,2022,4,2,Cold,1
4989,2022-04-28,2022,4,2,Cold,1
4990,2022-04-29,2022,4,2,Cold,1
4991,2022-04-30,2022,4,2,Cold,1
4992,2022-05-01,2022,5,2,Warm,0
4993,2022-05-02,2022,5,2,Warm,0
4994,2022-05-03,2022,5,2,Warm,0
4995,2022-05-04,2022,5,2,Warm,0
4996,2022-05-05,2022,5,2,Warm,0
4997,2022-05-06,2022,5,2,Warm,0
4998,2022-05-07,2022,5,2,Warm,0
4999,2022-05-08,2022,5,2,Warm,0
5000,2022-05-09,2022,5,2,Warm,0
5001,2022-05-10,2022,5,2,Warm,0
5002,2022-05-11,2022,5,2,Warm,0
5003,2022-05-12,2022,5,2,Warm,0
5004,2022-05-13,2022,5,2,Warm,0
5005,2022-05-14,2022,5,2,Warm,0
5006,2022-05-15,2022,5,2,Warm,0
5007,2022-05-16,2022,5,2,Warm,0
5008,2022-05-17,2022,5,2,Warm,0
5009,2022-05-18,2022,5,2,Warm,0
5010,2022-05-19,2022,5,2,Warm,0
5011,2022-05-20,2022,5,2,Warm,0
5012,2022-05-21,2022,5,2,Warm,0
5013,2022-05-22,2022,5,2,Warm,0
5014,2022-05-23,2022,5,2,Warm,0
5015,2022-05-24,2022,5,2,Warm,0
5016,2022-05-25,2022,5,2,Warm,0
5017,2022-05-26,2022,5,2,Warm,0
5018,2022-05-27,2022,5,2,Warm,0
5019,2022-05-28,2022,5,2,Warm,0
5020,2022-05-29,2022,5,2,Warm,0
5021,2022-05-30,2022,5,2,Warm,0
5022,2022-05-31,2022,5,2,Warm,0
5023,2022-06-01,2022,6,2,Warm,0
5024,2022-06-02,2022,6,2,Warm,0
5025,2022-06-03,2022,6,2,Warm,0
5026,2022-06-04,2022,6,2,Warm,0
5027,2022-06-05,2022,6,2,Warm,0
5028,2022-06-06,2022,6,2,Warm,0
5029,2022-06-07,2022,6,2,Warm,0
5030,2022-06-08,2022,6,2,Warm,0
5031,2022-06-09,2022,6,2,Warm,0
5032,2022-06-10,2022,6,2,Warm,0
5033,2022-06-11,2022,6,2,Warm,0
5034,2022-06-12,2022,6,2,Warm,0
5035,2022-06-13,2022,6,2,Warm,0
5036,2022-06-14,2022,6,2,Warm,0
5037,2022-06-15,2022,6,2,Warm,0
5038,2022-06-16,2022,6,2,Warm,0
5039,2022-06-17,2022,6,2,Warm,0
5040,2022-06-18,2022,6,2,Warm,0
5041,2022-06-19,2022,6,2,Warm,0
5042,2022-06-20,2022,6,2,Warm,0
5043,2022-06-21,2022,6,2,Warm,0
5044,2022-06-22,2022,6,2,Warm,0
5045,2022-06-23,2022,6,2,Warm,0
5046,2022-06-24,2022,6,2,Warm,0
5047,2022-06-25,2022,6,2,Warm,0
5048,2022-06-26,2022,6,2,Warm,0
5049,2022-06-27,2022,6,2,Warm,0
5050,2022-06-28,2022,6,2,Warm,0
5051,2022-06-29,2022,6,2,Warm,0
5052,2022-06-30,2022,6,2,Warm,0
5053,2022-07-01,2022,7,3,Warm,0
5054,2022-07-02,2022,7,3,Warm,0
5055,2022-07-03,2022,7,3,Warm,0
5056,2022-07-04,2022,7,3,Warm,0
5057,2022-07-05,2022,7,3,Warm,0
5058,2022-07-06,2022,7,3,Warm,0
5059,2022-07-07,2022,7,3,Warm,0
5060,2022-07-08,2022,7,3,Warm,0
5061,2022-07-09,2022,7,3,Warm,0
5062,2022-07-10,2022,7,3,Warm,0
5063,2022-07-11,2022,7,3,Warm,0
5064,2022-07-12,2022,7,3,Warm,0
5065,2022-07-13,2022,7,3,Warm,0
5066,2022-07-14,2022,7,3,Warm,0
5067,2022-07-15,2022,7,3,Warm,0
5068,2022-07-16,2022,7,3,Warm,0
5069,2022-07-17,2022,7,3,Warm,0
5070,2022-07-18,2022,7,3,Warm,0
5071,2022-07-19,2022,7,3,Warm,0
5072,2022-07-20,2022,7,3,Warm,0
5073,2022-07-21,2022,7,3,Warm,0
5074,2022-07-22,2022,7,3,Warm,0
5075,2022-07-23,2022,7,3,Warm,0
5076,2022-07-24,2022,7,3,Warm,0
5077,2022-07-25,2022,7,3,Warm,0
5078,2022-07-26,2022,7,3,Warm,0
5079,2022-07-27,2022,7,3,Warm,0
5080,2022-07-28,2022,7,3,Warm,0
5081,2022-07-29,2022,7,3,Warm,0
5082,2022-07-30,2022,7,3,Warm,0
5083,2022-07-31,2022,7,3,Warm,0
5084,2022-08-01,2022,8,3,Warm,0
5085,2022-08-02,2022,8,3,Warm,0
5086,2022-08-03,2022,8,3,Warm,0
5087,2022-08-04,2022,8,3,Warm,0
5088,2022-08-05,2022,8,3,Warm,0
5089,2022-08-06,2022,8,3,Warm,0
5090,2022-08-07,2022,8,3,Warm,0
5091,2022-08-08,2022,8,3,Warm,0
5092,2022-08-09,2022,8,3,Warm,0
5093,2022-08-10,2022,8,3,Warm,0
5094,2022-08-11,2022,8,3,Warm,0
5095,2022-08-12,2022,8,3,Warm,0
5096,2022-08-13,2022,8,3,Warm,0
5097,2022-08-14,2022,8,3,Warm,0
5098,2022-08-15,2022,8,3,Warm,0
5099,2022-08-16,2022,8,3,Warm,0
5100,2022-08-17,2022,8,3,Warm,0
5101,2022-08-18,2022,8,3,Warm,0
5102,2022-08-19,2022,8,3,Warm,0
5103,2022-08-20,2022,8,3,Warm,0
5104,2022-08-21,2022,8,3,Warm,0
5105,2022-08-22,2022,8,3,Warm,0
5106,2022-08-23,2022,8,3,Warm,0
5107,2022-08-24,2022,8,3,Warm,0
5108,2022-08-25,2022,8,3,Warm,0
5109,2022-08-26,2022,8,3,Warm,0
5110,2022-08-27,2022,8,3,Warm,0
5111,2022-08-28,2022,8,3,Warm,0
5112,2022-08-29,2022,8,3,Warm,0
5113,2022-08-30,2022,8,3,Warm,0
5114,2022-08-31,2022,8,3,Warm,0
5115,2022-09-01,2022,9,3,Warm,0
5116,2022-09-02,2022,9,3,Warm,0
5117,2022-09-03,2022,9,3,Warm,0
5118,2022-09-04,2022,9,3,Warm,0
5119,2022-09-05,2022,9,3,Warm,0
5120,2022-09-06,2022,9,3,Warm,0
5121,2022-09-07,2022,9,3,Warm,0
5122,2022-09-08,2022,9,3,Warm,0
5123,2022-09-09,2022,9,3,Warm,0
5124,2022-09-10,2022,9,3,Warm,0
5125,2022-09-11,2022,9,3,Warm,0
5126,2022-09-12,2022,9,3,Warm,0
5127,2022-09-13,2022,9,3,Warm,0
5128,2022-09-14,2022,9,3,Warm,0
5129,2022-09-15,2022,9,3,Warm,0
5130,2022-09-16,2022,9,3,Warm,0
5131,2022-09-17,2022,9,3,Warm,0
5132,2022-09-18,2022,9,3,Warm,0
5133,2022-09-19,2022,9,3,Warm,0
5134,2022-09-20,2022,9,3,Warm,0
5135,2022-09-21,2022,9,3,Warm,0
5136,2022-09-22,2022,9,3,Warm,0
5137,2022-09-23,2022,9,3,Warm,0
5138,2022-09-24,2022,9,3,Warm,0
5139,2022-09-25,2022,9,3,Warm,0
5140,2022-09-26,2022,9,3,Warm,0
5141,2022-09-27,2022,9,3,Warm,0
5142,2022-09-28,2022,9,3,Warm,0
5143,2022-09-29,2022,9,3,Warm,0
5144,2022-09-30,2022,9,3,Warm,0
5145,2022-10-01,2022,10,4,Warm,0
5146,2022-10-02,2022,10,4,Warm,0
5147,2022-10-03,2022,10,4,Warm,0
5148,2022-10-04,2022,10,4,Warm,0
5149,2022-10-05,2022,10,4,Warm,0
5150,2022-10-06,2022,10,4,Warm,0
5151,2022-10-07,2022,10,4,Warm,0
5152,2022-10-08,2022,10,4,Warm,0
5153,2022-10-09,2022,10,4,Warm,0
5154,2022-10-10,2022,10,4,Warm,0
5155,2022-10-11,2022,10,4,Warm,0
5156,2022-10-12,2022,10,4,Warm,0
5157,2022-10-13,2022,10,4,Warm,0
5158,2022-10-14,2022,10,4,Warm,0
5159,2022-10-15,2022,10,4,Warm,0
5160,2022-10-16,2022,10,4,Warm,0
5161,2022-10-17,2022,10,4,Warm,0
5162,2022-10-18,2022,10,4,Warm,0
5163,2022-10-19,2022,10,4,Warm,0
5164,2022-10-20,2022,10,4,Warm,0
5165,2022-10-21,2022,10,4,Warm,0
5166,2022-10-22,2022,10,4,Warm,0
5167,2022-10-23,2022,10,4,Warm,0
5168,2022-10-24,2022,10,4,Warm,0
5169,2022-10-25,2022,10,4,Warm,0
5170,2022-10-26,2022,10,4,Warm,0
5171,2022-10-27,2022,10,4,Warm,0
5172,2022-10-28,2022,10,4,Warm,0
5173,2022-10-29,2022,10,4,Warm,0
5174,2022-10-30,2022,10,4,Warm,0
5175,2022-10-31,2022,10,4,Warm,0
5176,2022-11-01,2022,11,4,Warm,0
5177,2022-11-02,2022,11,4,Warm,0
5178,2022-11-03,2022,11,4,Warm,0
5179,2022-11-04,2022,11,4,Warm,0
5180,2022-11-05,2022,11,4,Warm,0
5181,2022-11-06,2022,11,4,Warm,0
5182,2022-11-07,2022,11,4,Warm,0
5183,2022-11-08,2022,11,4,Warm,0
5184,2022-11-09,2022,11,4,Warm,0
5185,2022-11-10,2022,11,4,Warm,0
5186,2022-11-11,2022,11,4,Warm,0
5187,2022-11-12,2022,11,4,Warm,0
5188,2022-11-13,2022,11,4,Warm,0
5189,2022-11-14,2022,11,4,Warm,0
5190,2022-11-15,2022,11,4,Warm,0
5191,2022-11-16,2022,11,4,Warm,0
5192,2022-11-17,2022,11,4,Warm,0
5193,2022-11-18,2022,11,4,Warm,0
5194,2022-11-19,2022,11,4,Warm,0
5195,2022-11-20,2022,11,4,Warm,0
5196,2022-11-21,2022,11,4,Warm,0
5197,2022-11-22,2022,11,4,Warm,0
5198,2022-11-23,2022,11,4,Warm,0
5199,2022-11-24,2022,11,4,Warm,0
5200,2022-11-25,2022,11,4,Warm,0
5201,2022-11-26,2022,11,4,Warm,0
5202,2022-11-27,2022,11,4,Warm,0
5203,2022-11-28,2022,11,4,Warm,0
5204,2022-11-29,2022,11,4,Warm,0
5205,2022-11-30,2022,11,4,Warm,0
5206,2022-12-01,2022,12,4,Warm,0
5207,2022-12-02,2022,12,4,Warm,0
5208,2022-12-03,2022,12,4,Warm,0
5209,2022-12-04,2022,12,4,Warm,0
5210,2022-12-05,2022,12,4,Warm,0
5211,2022-12-06,2022,12,4,Warm,0
5212,2022-12-07,2022,12,4,Warm,0
5213,2022-12-08,2022,12,4,Warm,0
5214,2022-12-09,2022,12,4,Warm,0
5215,2022-12-10,2022,12,4,Warm,0
5216,2022-12-11,2022,12,4,Warm,0
5217,2022-12-12,2022,12,4,Warm,0
5218,2022-12-13,2022,12,4,Warm,0
5219,2022-12-14,2022,12,4,Warm,0
5220,2022-12-15,2022,12,4,Warm,0
5221,2022-12-16,2022,12,4,Warm,0
5222,2022-12-17,2022,12,4,Warm,0
5223,2022-12-18,2022,12,4,Warm,0
5224,2022-12-19,2022,12,4,Warm,0
5225,2022-12-20,2022,12,4,Warm,0
5226,2022-12-21,2022,12,4,Warm,0
5227,2022-12-22,2022,12,4,Warm,0
5228,2022-12-23,2022,12,4,Warm,0
5229,2022-12-24,2022,12,4,Warm,0
5230,2022-12-25,2022,12,4,Warm,0
5231,2022-12-26,2022,12,4,Warm,0
5232,2022-12-27,2022,12,4,Warm,0
5233,2022-12-28,2022,12,4,Warm,0
5234,2022-12-29,2022,12,4,Warm,0
5235,2022-12-30,2022,12,4,Warm,0
5236,2022-12-31,2022,12,4,Warm,0
5237,2023-01-01,2023,1,1,Cold,1
5238,2023-01-02,2023,1,1,Cold,1
5239,2023-01-03,2023,1,1,Cold,1
5240,2023-01-04,2023,1,1,Cold,1
5241,2023-01-05,2023,1,1,Cold,1
5242,2023-01-06,2023,1,1,Cold,1
5243,2023-01-07,2023,1,1,Cold,1
5244,2023-01-08,2023,1,1,Cold,1
5245,2023-01-09,2023,1,1,Cold,1
5246,2023-01-10,2023,1,1,Cold,1
5247,2023-01-11,2023,1,1,Cold,1
5248,2023-01-12,2023,1,1,Cold,1
5249,2023-01-13,2023,1,1,Cold,1
5250,2023-01-14,2023,1,1,Cold,1
5251,2023-01-15,2023,1,1,Cold,1
5252,2023-01-16,2023,1,1,Cold,1
5253,2023-01-17,2023,1,1,Cold,1
5254,2023-01-18,2023,1,1,Cold,1
5255,2023-01-19,2023,1,1,Cold,1
5256,2023-01-20,2023,1,1,Cold,1
5257,2023-01-21,2023,1,1,Cold,1
5258,2023-01-22,2023,1,1,Cold,1
5259,2023-01-23,2023,1,1,Cold,1
5260,2023-01-24,2023,1,1,Cold,1
5261,2023-01-25,2023,1,1,Cold,1
5262,2023-01-26,2023,1,1,Cold,1
5263,2023-01-27,2023,1,1,Cold,1
5264,2023-01-28,2023,1,1,Cold,1
5265,2023-01-29,2023,1,1,Cold,1
5266,2023-01-30,2023,1,1,Cold,1
5267,2023-01-31,2023,1,1,Cold,1
5268,2023-02-01,2023,2,1,Cold,1
5269,2023-02-02,2023,2,1,Cold,1
5270,2023-02-03,2023,2,1,Cold,1
5271,2023-02-04,2023,2,1,Cold,1
5272,2023-02-05,2023,2,1,Cold,1
5273,2023-02-06,2023,2,1,Cold,1
5274,2023-02-07,2023,2,1,Cold,1
5275,2023-02-08,2023,2,1,Cold,1
5276,2023-02-09,2023,2,1,Cold,1
5277,2023-02-10,2023,2,1,Cold,1
5278,2023-02-11,2023,2,1,Cold,1
5279,2023-02-12,2023,2,1,Cold,1
5280,2023-02-13,2023,2,1,Cold,1
5281,2023-02-14,2023,2,1,Cold,1
5282,2023-02-15,2023,2,1,Cold,1
5283,2023-02-16,2023,2,1,Cold,1
5284,2023-02-17,2023,2,1,Cold,1
5285,2023-02-18,2023,2,1,Cold,1
5286,2023-02-19,2023,2,1,Cold,1
5287,2023-02-20,2023,2,1,Cold,1
5288,2023-02-21,2023,2,1,Cold,1
5289,2023-02-22,2023,2,1,Cold,1
5290,2023-02-23,2023,2,1,Cold,1
5291,2023-02-24,2023,2,1,Cold,1
5292,2023-02-25,2023,2,1,Cold,1
5293,2023-02-26,2023,2,1,Cold,1
5294,2023-02-27,2023,2,1,Cold,1
5295,2023-02-28,2023,2,1,Cold,1
5296,2023-03-01,2023,3,1,Cold,1
5297,2023-03-02,2023,3,1,Cold,1
5298,2023-03-03,2023,3,1,Cold,1
5299,2023-03-04,2023,3,1,Cold,1
5300,2023-03-05,2023,3,1,Cold,1
5301,2023-03-06,2023,3,1,Cold,1
5302,2023-03-07,2023,3,1,Cold,1
5303,2023-03-08,2023,3,1,Cold,1
5304,2023-03-09,2023,3,1,Cold,1
5305,2023-03-10,2023,3,1,Cold,1
5306,2023-03-11,2023,3,1,Cold,1
5307,2023-03-12,2023,3,1,Cold,1
5308,2023-03-13,2023,3,1,Cold,1
5309,2023-03-14,2023,3,1,Cold,1
5310,2023-03-15,2023,3,1,Cold,1
5311,2023-03-16,2023,3,1,Cold,1
5312,2023-03-17,2023,3,1,Cold,1
5313,2023-03-18,2023,3,1,Cold,1
5314,2023-03-19,2023,3,1,Cold,1
5315,2023-03-20,2023,3,1,Cold,1
5316,2023-03-21,2023,3,1,Cold,1
